iteration,training_accuracy,validation_accuracy,precision,recall,f1_score,execution_time
1,1.0,1.0,1.0,1.0,1.0,0.10373806953430176
2,1.0,1.0,1.0,1.0,1.0,0.06649613380432129
3,1.0,1.0,1.0,1.0,1.0,0.058765411376953125
4,1.0,1.0,1.0,1.0,1.0,0.06376194953918457
5,1.0,1.0,1.0,1.0,1.0,0.07776451110839844
6,1.0,1.0,1.0,1.0,1.0,0.06824517250061035
7,1.0,1.0,1.0,1.0,1.0,0.05314326286315918
8,1.0,1.0,1.0,1.0,1.0,0.07390046119689941
9,1.0,1.0,1.0,1.0,1.0,0.06591391563415527
10,1.0,1.0,1.0,1.0,1.0,0.0679476261138916
11,1.0,1.0,1.0,1.0,1.0,0.06578516960144043
12,1.0,1.0,1.0,1.0,1.0,0.07135939598083496
13,1.0,1.0,1.0,1.0,1.0,0.07143187522888184
14,1.0,1.0,1.0,1.0,1.0,0.0589289665222168
15,1.0,1.0,1.0,1.0,1.0,0.06571245193481445
16,1.0,1.0,1.0,1.0,1.0,0.06682252883911133
17,1.0,1.0,1.0,1.0,1.0,0.08121228218078613
18,1.0,1.0,1.0,1.0,1.0,0.06377315521240234
19,1.0,1.0,1.0,1.0,1.0,0.06640744209289551
20,1.0,1.0,1.0,1.0,1.0,0.06097555160522461
21,1.0,1.0,1.0,1.0,1.0,0.06566429138183594
22,1.0,1.0,1.0,1.0,1.0,0.0659019947052002
23,1.0,1.0,1.0,1.0,1.0,0.07632756233215332
24,1.0,1.0,1.0,1.0,1.0,0.06338691711425781
25,1.0,1.0,1.0,1.0,1.0,0.07275271415710449
26,1.0,1.0,1.0,1.0,1.0,0.06748461723327637
27,1.0,1.0,1.0,1.0,1.0,0.06847357749938965
28,1.0,1.0,1.0,1.0,1.0,0.06714105606079102
29,1.0,1.0,1.0,1.0,1.0,0.06687593460083008
30,1.0,1.0,1.0,1.0,1.0,0.08176755905151367
31,1.0,1.0,1.0,1.0,1.0,0.0695343017578125
32,1.0,1.0,1.0,1.0,1.0,0.06928610801696777
33,1.0,1.0,1.0,1.0,1.0,0.07527041435241699
34,1.0,1.0,1.0,1.0,1.0,0.06958580017089844
35,1.0,1.0,1.0,1.0,1.0,0.07001066207885742
36,1.0,1.0,1.0,1.0,1.0,0.07289743423461914
37,1.0,1.0,1.0,1.0,1.0,0.060347557067871094
38,1.0,1.0,1.0,1.0,1.0,0.07491135597229004
39,1.0,1.0,1.0,1.0,1.0,0.06686282157897949
40,1.0,1.0,1.0,1.0,1.0,0.06509566307067871
41,1.0,1.0,1.0,1.0,1.0,0.06177234649658203
42,1.0,1.0,1.0,1.0,1.0,0.0723106861114502
43,1.0,1.0,1.0,1.0,1.0,0.06576275825500488
44,1.0,1.0,1.0,1.0,1.0,0.06613993644714355
45,1.0,1.0,1.0,1.0,1.0,0.06725454330444336
46,1.0,1.0,1.0,1.0,1.0,0.06271076202392578
47,1.0,1.0,1.0,1.0,1.0,0.07345175743103027
48,1.0,1.0,1.0,1.0,1.0,0.07579469680786133
49,1.0,1.0,1.0,1.0,1.0,0.06351470947265625
50,1.0,1.0,1.0,1.0,1.0,0.06549406051635742
51,1.0,1.0,1.0,1.0,1.0,0.06030392646789551
52,1.0,1.0,1.0,1.0,1.0,0.061403512954711914
53,1.0,1.0,1.0,1.0,1.0,0.06598234176635742
54,1.0,1.0,1.0,1.0,1.0,0.05648398399353027
55,1.0,1.0,1.0,1.0,1.0,0.06742143630981445
56,1.0,1.0,1.0,1.0,1.0,0.054869651794433594
57,1.0,1.0,1.0,1.0,1.0,0.0691535472869873
58,1.0,1.0,1.0,1.0,1.0,0.06354522705078125
59,1.0,1.0,1.0,1.0,1.0,0.07205557823181152
60,1.0,1.0,1.0,1.0,1.0,0.0708317756652832
61,1.0,1.0,1.0,1.0,1.0,0.07953310012817383
62,1.0,1.0,1.0,1.0,1.0,0.06488847732543945
63,1.0,1.0,1.0,1.0,1.0,0.06729960441589355
64,1.0,1.0,1.0,1.0,1.0,0.06534290313720703
65,1.0,1.0,1.0,1.0,1.0,0.06148672103881836
66,1.0,1.0,1.0,1.0,1.0,0.06412649154663086
67,1.0,1.0,1.0,1.0,1.0,0.06533551216125488
68,1.0,1.0,1.0,1.0,1.0,0.06632804870605469
69,1.0,1.0,1.0,1.0,1.0,0.057700395584106445
70,1.0,1.0,1.0,1.0,1.0,0.06311273574829102
71,1.0,1.0,1.0,1.0,1.0,0.06366753578186035
72,1.0,1.0,1.0,1.0,1.0,0.06231570243835449
73,1.0,1.0,1.0,1.0,1.0,0.06261920928955078
74,1.0,1.0,1.0,1.0,1.0,0.07061767578125
75,1.0,1.0,1.0,1.0,1.0,0.04425501823425293
76,1.0,1.0,1.0,1.0,1.0,0.06620621681213379
77,1.0,1.0,1.0,1.0,1.0,0.06128835678100586
78,1.0,1.0,1.0,1.0,1.0,0.05826568603515625
79,1.0,1.0,1.0,1.0,1.0,0.05229043960571289
80,1.0,1.0,1.0,1.0,1.0,0.05728721618652344
81,1.0,1.0,1.0,1.0,1.0,0.048471689224243164
82,1.0,1.0,1.0,1.0,1.0,0.07935214042663574
83,1.0,1.0,1.0,1.0,1.0,0.06195569038391113
84,1.0,1.0,1.0,1.0,1.0,0.0577235221862793
85,1.0,1.0,1.0,1.0,1.0,0.06583523750305176
86,1.0,1.0,1.0,1.0,1.0,0.06394147872924805
87,1.0,1.0,1.0,1.0,1.0,0.05985713005065918
88,1.0,1.0,1.0,1.0,1.0,0.05839371681213379
89,1.0,1.0,1.0,1.0,1.0,0.056030988693237305
90,1.0,1.0,1.0,1.0,1.0,0.0652775764465332
91,1.0,1.0,1.0,1.0,1.0,0.049878597259521484
92,1.0,1.0,1.0,1.0,1.0,0.05820417404174805
93,1.0,1.0,1.0,1.0,1.0,0.06142711639404297
94,1.0,1.0,1.0,1.0,1.0,0.05352902412414551
95,1.0,1.0,1.0,1.0,1.0,0.06630110740661621
96,1.0,1.0,1.0,1.0,1.0,0.05757927894592285
97,1.0,1.0,1.0,1.0,1.0,0.05716347694396973
98,1.0,1.0,1.0,1.0,1.0,0.049620866775512695
99,1.0,1.0,1.0,1.0,1.0,0.07000279426574707
100,1.0,1.0,1.0,1.0,1.0,0.04613780975341797
101,1.0,1.0,1.0,1.0,1.0,0.051856040954589844
102,1.0,1.0,1.0,1.0,1.0,0.04629397392272949
103,1.0,1.0,1.0,1.0,1.0,0.07090878486633301
104,1.0,1.0,1.0,1.0,1.0,0.0598452091217041
105,1.0,1.0,1.0,1.0,1.0,0.06419730186462402
106,1.0,1.0,1.0,1.0,1.0,0.04742264747619629
107,1.0,1.0,1.0,1.0,1.0,0.060570478439331055
108,1.0,1.0,1.0,1.0,1.0,0.05520892143249512
109,1.0,1.0,1.0,1.0,1.0,0.05306506156921387
110,1.0,1.0,1.0,1.0,1.0,0.05370330810546875
111,1.0,1.0,1.0,1.0,1.0,0.05621075630187988
112,1.0,1.0,1.0,1.0,1.0,0.0621027946472168
113,1.0,1.0,1.0,1.0,1.0,0.06091022491455078
114,1.0,1.0,1.0,1.0,1.0,0.0568234920501709
115,1.0,1.0,1.0,1.0,1.0,0.05653810501098633
116,1.0,1.0,1.0,1.0,1.0,0.04837226867675781
117,1.0,1.0,1.0,1.0,1.0,0.057045698165893555
118,1.0,1.0,1.0,1.0,1.0,0.06561541557312012
119,1.0,1.0,1.0,1.0,1.0,0.06881117820739746
120,1.0,1.0,1.0,1.0,1.0,0.09097814559936523
121,1.0,1.0,1.0,1.0,1.0,0.07157230377197266
122,1.0,1.0,1.0,1.0,1.0,0.05949211120605469
123,1.0,1.0,1.0,1.0,1.0,0.05744004249572754
124,1.0,1.0,1.0,1.0,1.0,0.04973912239074707
125,1.0,1.0,1.0,1.0,1.0,0.06694507598876953
126,1.0,1.0,1.0,1.0,1.0,0.055225372314453125
127,1.0,1.0,1.0,1.0,1.0,0.05232095718383789
128,1.0,1.0,1.0,1.0,1.0,0.054067134857177734
129,1.0,1.0,1.0,1.0,1.0,0.07245588302612305
130,1.0,1.0,1.0,1.0,1.0,0.041166067123413086
131,1.0,1.0,1.0,1.0,1.0,0.06488847732543945
132,1.0,1.0,1.0,1.0,1.0,0.04787874221801758
133,1.0,1.0,1.0,1.0,1.0,0.057376861572265625
134,1.0,1.0,1.0,1.0,1.0,0.06342887878417969
135,1.0,1.0,1.0,1.0,1.0,0.06949663162231445
136,1.0,1.0,1.0,1.0,1.0,0.05591177940368652
137,1.0,1.0,1.0,1.0,1.0,0.05667471885681152
138,1.0,1.0,1.0,1.0,1.0,0.06563854217529297
139,1.0,1.0,1.0,1.0,1.0,0.058219194412231445
140,1.0,1.0,1.0,1.0,1.0,0.07086825370788574
141,1.0,1.0,1.0,1.0,1.0,0.06958556175231934
142,1.0,1.0,1.0,1.0,1.0,0.05457639694213867
143,1.0,1.0,1.0,1.0,1.0,0.06327962875366211
144,1.0,1.0,1.0,1.0,1.0,0.04713296890258789
145,1.0,1.0,1.0,1.0,1.0,0.06859064102172852
146,1.0,1.0,1.0,1.0,1.0,0.07068657875061035
147,1.0,1.0,1.0,1.0,1.0,0.05756092071533203
148,1.0,1.0,1.0,1.0,1.0,0.051836490631103516
149,1.0,1.0,1.0,1.0,1.0,0.05035233497619629
150,1.0,1.0,1.0,1.0,1.0,0.05072760581970215
151,1.0,1.0,1.0,1.0,1.0,0.06170392036437988
152,1.0,1.0,1.0,1.0,1.0,0.07451415061950684
153,1.0,1.0,1.0,1.0,1.0,0.05789685249328613
154,1.0,1.0,1.0,1.0,1.0,0.06303858757019043
155,1.0,1.0,1.0,1.0,1.0,0.0492091178894043
156,1.0,1.0,1.0,1.0,1.0,0.04822802543640137
157,1.0,1.0,1.0,1.0,1.0,0.06511211395263672
158,1.0,1.0,1.0,1.0,1.0,0.057062387466430664
159,1.0,1.0,1.0,1.0,1.0,0.057218313217163086
160,1.0,1.0,1.0,1.0,1.0,0.06695199012756348
161,1.0,1.0,1.0,1.0,1.0,0.06146121025085449
162,1.0,1.0,1.0,1.0,1.0,0.06239128112792969
163,1.0,1.0,1.0,1.0,1.0,0.04649209976196289
164,1.0,1.0,1.0,1.0,1.0,0.048838138580322266
165,1.0,1.0,1.0,1.0,1.0,0.05686593055725098
166,1.0,1.0,1.0,1.0,1.0,0.06747865676879883
167,1.0,1.0,1.0,1.0,1.0,0.06172347068786621
168,1.0,1.0,1.0,1.0,1.0,0.053798675537109375
169,1.0,1.0,1.0,1.0,1.0,0.05779147148132324
170,1.0,1.0,1.0,1.0,1.0,0.0688483715057373
171,1.0,1.0,1.0,1.0,1.0,0.056212425231933594
172,1.0,1.0,1.0,1.0,1.0,0.05474090576171875
173,1.0,1.0,1.0,1.0,1.0,0.059334516525268555
174,1.0,1.0,1.0,1.0,1.0,0.06601548194885254
175,1.0,1.0,1.0,1.0,1.0,0.06352424621582031
176,1.0,1.0,1.0,1.0,1.0,0.050843000411987305
177,1.0,1.0,1.0,1.0,1.0,0.07056927680969238
178,1.0,1.0,1.0,1.0,1.0,0.05989217758178711
179,1.0,1.0,1.0,1.0,1.0,0.05910348892211914
180,1.0,1.0,1.0,1.0,1.0,0.06917190551757812
181,1.0,1.0,1.0,1.0,1.0,0.05351448059082031
182,1.0,1.0,1.0,1.0,1.0,0.049746036529541016
183,1.0,1.0,1.0,1.0,1.0,0.06732630729675293
184,1.0,1.0,1.0,1.0,1.0,0.06099104881286621
185,1.0,1.0,1.0,1.0,1.0,0.05998349189758301
186,1.0,1.0,1.0,1.0,1.0,0.0656132698059082
187,1.0,1.0,1.0,1.0,1.0,0.06533455848693848
188,1.0,1.0,1.0,1.0,1.0,0.05798912048339844
189,1.0,1.0,1.0,1.0,1.0,0.05709433555603027
190,1.0,1.0,1.0,1.0,1.0,0.06699132919311523
191,1.0,1.0,1.0,1.0,1.0,0.06061720848083496
192,1.0,1.0,1.0,1.0,1.0,0.07247257232666016
193,1.0,1.0,1.0,1.0,1.0,0.05852532386779785
194,1.0,1.0,1.0,1.0,1.0,0.06219029426574707
195,1.0,1.0,1.0,1.0,1.0,0.06702685356140137
196,1.0,1.0,1.0,1.0,1.0,0.06982946395874023
197,1.0,1.0,1.0,1.0,1.0,0.04488945007324219
198,1.0,1.0,1.0,1.0,1.0,0.059055328369140625
199,1.0,1.0,1.0,1.0,1.0,0.046671152114868164
200,1.0,1.0,1.0,1.0,1.0,0.04159140586853027
201,1.0,1.0,1.0,1.0,1.0,0.06669831275939941
202,1.0,1.0,1.0,1.0,1.0,0.05787181854248047
203,1.0,1.0,1.0,1.0,1.0,0.06572914123535156
204,1.0,1.0,1.0,1.0,1.0,0.06534361839294434
205,1.0,1.0,1.0,1.0,1.0,0.06569862365722656
206,1.0,1.0,1.0,1.0,1.0,0.05751943588256836
207,1.0,1.0,1.0,1.0,1.0,0.06483864784240723
208,1.0,1.0,1.0,1.0,1.0,0.0530095100402832
209,1.0,1.0,1.0,1.0,1.0,0.06317353248596191
210,1.0,1.0,1.0,1.0,1.0,0.05827689170837402
211,1.0,1.0,1.0,1.0,1.0,0.06431293487548828
212,1.0,1.0,1.0,1.0,1.0,0.04907846450805664
213,1.0,1.0,1.0,1.0,1.0,0.06637287139892578
214,1.0,1.0,1.0,1.0,1.0,0.058145999908447266
215,1.0,1.0,1.0,1.0,1.0,0.05639505386352539
216,1.0,1.0,1.0,1.0,1.0,0.05859708786010742
217,1.0,1.0,1.0,1.0,1.0,0.06496477127075195
218,1.0,1.0,1.0,1.0,1.0,0.052127838134765625
219,1.0,1.0,1.0,1.0,1.0,0.05364251136779785
220,1.0,1.0,1.0,1.0,1.0,0.049050092697143555
221,1.0,1.0,1.0,1.0,1.0,0.04973578453063965
222,1.0,1.0,1.0,1.0,1.0,0.04584693908691406
223,1.0,1.0,1.0,1.0,1.0,0.05728435516357422
224,1.0,1.0,1.0,1.0,1.0,0.05866217613220215
225,1.0,1.0,1.0,1.0,1.0,0.06319952011108398
226,1.0,1.0,1.0,1.0,1.0,0.06805038452148438
227,1.0,1.0,1.0,1.0,1.0,0.06458449363708496
228,1.0,1.0,1.0,1.0,1.0,0.06657886505126953
229,1.0,1.0,1.0,1.0,1.0,0.05729222297668457
230,1.0,1.0,1.0,1.0,1.0,0.04276561737060547
231,1.0,1.0,1.0,1.0,1.0,0.055886268615722656
232,1.0,1.0,1.0,1.0,1.0,0.0411219596862793
233,1.0,1.0,1.0,1.0,1.0,0.050612449645996094
234,1.0,1.0,1.0,1.0,1.0,0.055600881576538086
235,1.0,1.0,1.0,1.0,1.0,0.059093475341796875
236,1.0,1.0,1.0,1.0,1.0,0.058141469955444336
237,1.0,1.0,1.0,1.0,1.0,0.05351758003234863
238,1.0,1.0,1.0,1.0,1.0,0.04879474639892578
239,1.0,1.0,1.0,1.0,1.0,0.057953596115112305
240,1.0,1.0,1.0,1.0,1.0,0.04883694648742676
241,1.0,1.0,1.0,1.0,1.0,0.04978013038635254
242,1.0,1.0,1.0,1.0,1.0,0.06593966484069824
243,1.0,1.0,1.0,1.0,1.0,0.0569610595703125
244,1.0,1.0,1.0,1.0,1.0,0.04358983039855957
245,1.0,1.0,1.0,1.0,1.0,0.05788421630859375
246,1.0,1.0,1.0,1.0,1.0,0.05689716339111328
247,1.0,1.0,1.0,1.0,1.0,0.05815553665161133
248,1.0,1.0,1.0,1.0,1.0,0.049025535583496094
249,1.0,1.0,1.0,1.0,1.0,0.05657076835632324
250,1.0,1.0,1.0,1.0,1.0,0.05725693702697754
251,1.0,1.0,1.0,1.0,1.0,0.057845115661621094
252,1.0,1.0,1.0,1.0,1.0,0.05799698829650879
253,1.0,1.0,1.0,1.0,1.0,0.041414499282836914
254,1.0,1.0,1.0,1.0,1.0,0.04068446159362793
255,1.0,1.0,1.0,1.0,1.0,0.043290138244628906
256,1.0,1.0,1.0,1.0,1.0,0.05463528633117676
257,1.0,1.0,1.0,1.0,1.0,0.04985499382019043
258,1.0,1.0,1.0,1.0,1.0,0.04853105545043945
259,1.0,1.0,1.0,1.0,1.0,0.05916929244995117
260,1.0,1.0,1.0,1.0,1.0,0.07433700561523438
261,1.0,1.0,1.0,1.0,1.0,0.04642200469970703
262,1.0,1.0,1.0,1.0,1.0,0.024691343307495117
263,1.0,1.0,1.0,1.0,1.0,0.0816800594329834
264,1.0,1.0,1.0,1.0,1.0,0.0696876049041748
265,1.0,1.0,1.0,1.0,1.0,0.08421850204467773
266,1.0,1.0,1.0,1.0,1.0,0.053392648696899414
267,1.0,1.0,1.0,1.0,1.0,0.06434774398803711
268,1.0,1.0,1.0,1.0,1.0,0.0549006462097168
269,1.0,1.0,1.0,1.0,1.0,0.05362677574157715
270,1.0,1.0,1.0,1.0,1.0,0.05925631523132324
271,1.0,1.0,1.0,1.0,1.0,0.05543398857116699
272,1.0,1.0,1.0,1.0,1.0,0.049013376235961914
273,1.0,1.0,1.0,1.0,1.0,0.049961090087890625
274,1.0,1.0,1.0,1.0,1.0,0.03220939636230469
275,1.0,1.0,1.0,1.0,1.0,0.03367018699645996
276,1.0,1.0,1.0,1.0,1.0,0.04116034507751465
277,1.0,1.0,1.0,1.0,1.0,0.031392812728881836
278,1.0,1.0,1.0,1.0,1.0,0.027068138122558594
279,1.0,1.0,1.0,1.0,1.0,0.016139984130859375
280,1.0,1.0,1.0,1.0,1.0,0.025318622589111328
281,1.0,1.0,1.0,1.0,1.0,0.02526068687438965
282,1.0,1.0,1.0,1.0,1.0,0.04139900207519531
283,1.0,1.0,1.0,1.0,1.0,0.06385350227355957
284,1.0,1.0,1.0,1.0,1.0,0.03526473045349121
285,1.0,1.0,1.0,1.0,1.0,0.06552934646606445
286,1.0,1.0,1.0,1.0,1.0,0.0738823413848877
287,1.0,1.0,1.0,1.0,1.0,0.049680471420288086
288,1.0,1.0,1.0,1.0,1.0,0.04218649864196777
289,1.0,1.0,1.0,1.0,1.0,0.05764460563659668
290,1.0,1.0,1.0,1.0,1.0,0.059801578521728516
291,1.0,1.0,1.0,1.0,1.0,0.03135561943054199
292,1.0,1.0,1.0,1.0,1.0,0.024117469787597656
293,1.0,1.0,1.0,1.0,1.0,0.04956316947937012
294,1.0,1.0,1.0,1.0,1.0,0.040910959243774414
295,1.0,1.0,1.0,1.0,1.0,0.058226585388183594
296,1.0,1.0,1.0,1.0,1.0,0.045923709869384766
297,1.0,1.0,1.0,1.0,1.0,0.04579472541809082
298,1.0,1.0,1.0,1.0,1.0,0.07365083694458008
299,1.0,1.0,1.0,1.0,1.0,0.07988095283508301
300,1.0,1.0,1.0,1.0,1.0,0.039878129959106445
301,1.0,1.0,1.0,1.0,1.0,0.032967329025268555
302,1.0,1.0,1.0,1.0,1.0,0.04002261161804199
303,1.0,1.0,1.0,1.0,1.0,0.04075002670288086
304,1.0,1.0,1.0,1.0,1.0,0.035120248794555664
305,1.0,1.0,1.0,1.0,1.0,0.047338247299194336
306,1.0,1.0,1.0,1.0,1.0,0.04192209243774414
307,1.0,1.0,1.0,1.0,1.0,0.038984060287475586
308,1.0,1.0,1.0,1.0,1.0,0.04490470886230469
309,1.0,1.0,1.0,1.0,1.0,0.03725123405456543
310,1.0,1.0,1.0,1.0,1.0,0.04960775375366211
311,1.0,1.0,1.0,1.0,1.0,0.050015926361083984
312,1.0,1.0,1.0,1.0,1.0,0.041940927505493164
313,1.0,1.0,1.0,1.0,1.0,0.045865774154663086
314,1.0,1.0,1.0,1.0,1.0,0.03551840782165527
315,1.0,1.0,1.0,1.0,1.0,0.05010485649108887
316,1.0,1.0,1.0,1.0,1.0,0.058539390563964844
317,1.0,1.0,1.0,1.0,1.0,0.06221723556518555
318,1.0,1.0,1.0,1.0,1.0,0.05049252510070801
319,1.0,1.0,1.0,1.0,1.0,0.0371701717376709
320,1.0,1.0,1.0,1.0,1.0,0.04513192176818848
321,1.0,1.0,1.0,1.0,1.0,0.041664838790893555
322,1.0,1.0,1.0,1.0,1.0,0.03447842597961426
323,1.0,1.0,1.0,1.0,1.0,0.04791522026062012
324,1.0,1.0,1.0,1.0,1.0,0.04088902473449707
325,1.0,1.0,1.0,1.0,1.0,0.048809051513671875
326,1.0,1.0,1.0,1.0,1.0,0.05784726142883301
327,1.0,1.0,1.0,1.0,1.0,0.05848550796508789
328,1.0,1.0,1.0,1.0,1.0,0.05803036689758301
329,1.0,1.0,1.0,1.0,1.0,0.041030168533325195
330,1.0,1.0,1.0,1.0,1.0,0.050423383712768555
331,1.0,1.0,1.0,1.0,1.0,0.039476871490478516
332,1.0,1.0,1.0,1.0,1.0,0.03515005111694336
333,1.0,1.0,1.0,1.0,1.0,0.03888535499572754
334,1.0,1.0,1.0,1.0,1.0,0.03497767448425293
335,1.0,1.0,1.0,1.0,1.0,0.030585527420043945
336,1.0,1.0,1.0,1.0,1.0,0.039483070373535156
337,1.0,1.0,1.0,1.0,1.0,0.04119133949279785
338,1.0,1.0,1.0,1.0,1.0,0.05293393135070801
339,1.0,1.0,1.0,1.0,1.0,0.03723502159118652
340,1.0,1.0,1.0,1.0,1.0,0.042128801345825195
341,1.0,1.0,1.0,1.0,1.0,0.03242683410644531
342,1.0,1.0,1.0,1.0,1.0,0.033319950103759766
343,1.0,1.0,1.0,1.0,1.0,0.03359055519104004
344,1.0,1.0,1.0,1.0,1.0,0.04672574996948242
345,1.0,1.0,1.0,1.0,1.0,0.03570699691772461
346,1.0,1.0,1.0,1.0,1.0,0.0501856803894043
347,1.0,1.0,1.0,1.0,1.0,0.03342390060424805
348,1.0,1.0,1.0,1.0,1.0,0.04038405418395996
349,1.0,1.0,1.0,1.0,1.0,0.042040109634399414
350,1.0,1.0,1.0,1.0,1.0,0.025101184844970703
351,1.0,1.0,1.0,1.0,1.0,0.05475783348083496
352,1.0,1.0,1.0,1.0,1.0,0.036812543869018555
353,1.0,1.0,1.0,1.0,1.0,0.03328299522399902
354,1.0,1.0,1.0,1.0,1.0,0.033463239669799805
355,1.0,1.0,1.0,1.0,1.0,0.01663517951965332
356,1.0,1.0,1.0,1.0,1.0,0.028618335723876953
357,1.0,1.0,1.0,1.0,1.0,0.02127981185913086
358,1.0,1.0,1.0,1.0,1.0,0.0329127311706543
359,1.0,1.0,1.0,1.0,1.0,0.03294253349304199
360,1.0,1.0,1.0,1.0,1.0,0.031821250915527344
361,1.0,1.0,1.0,1.0,1.0,0.03046584129333496
362,1.0,1.0,1.0,1.0,1.0,0.028213024139404297
363,1.0,1.0,1.0,1.0,1.0,0.024670839309692383
364,1.0,1.0,1.0,1.0,1.0,0.033007144927978516
365,1.0,1.0,1.0,1.0,1.0,0.040915489196777344
366,1.0,1.0,1.0,1.0,1.0,0.043259382247924805
367,1.0,1.0,1.0,1.0,1.0,0.033898353576660156
368,1.0,1.0,1.0,1.0,1.0,0.029567480087280273
369,1.0,1.0,1.0,1.0,1.0,0.05007171630859375
370,1.0,1.0,1.0,1.0,1.0,0.041167259216308594
371,1.0,1.0,1.0,1.0,1.0,0.03276205062866211
372,1.0,1.0,1.0,1.0,1.0,0.03953385353088379
373,1.0,1.0,1.0,1.0,1.0,0.027252674102783203
374,1.0,1.0,1.0,1.0,1.0,0.032669782638549805
375,1.0,1.0,1.0,1.0,1.0,0.03347516059875488
376,1.0,1.0,1.0,1.0,1.0,0.04123640060424805
377,1.0,1.0,1.0,1.0,1.0,0.04137563705444336
378,1.0,1.0,1.0,1.0,1.0,0.05025959014892578
379,1.0,1.0,1.0,1.0,1.0,0.03465080261230469
380,1.0,1.0,1.0,1.0,1.0,0.030480384826660156
381,1.0,1.0,1.0,1.0,1.0,0.04182767868041992
382,1.0,1.0,1.0,1.0,1.0,0.0166168212890625
383,1.0,1.0,1.0,1.0,1.0,0.03359365463256836
384,1.0,1.0,1.0,1.0,1.0,0.03208351135253906
385,1.0,1.0,1.0,1.0,1.0,0.041130781173706055
386,1.0,1.0,1.0,1.0,1.0,0.032347917556762695
387,1.0,1.0,1.0,1.0,1.0,0.024820566177368164
388,1.0,1.0,1.0,1.0,1.0,0.01627659797668457
389,1.0,1.0,1.0,1.0,1.0,0.03327369689941406
390,1.0,1.0,1.0,1.0,1.0,0.024895668029785156
391,1.0,1.0,1.0,1.0,1.0,0.024132251739501953
392,1.0,1.0,1.0,1.0,1.0,0.024225234985351562
393,1.0,1.0,1.0,1.0,1.0,0.02477264404296875
394,1.0,1.0,1.0,1.0,1.0,0.032869815826416016
395,1.0,1.0,1.0,1.0,1.0,0.01688551902770996
396,1.0,1.0,1.0,1.0,1.0,0.02466297149658203
397,1.0,1.0,1.0,1.0,1.0,0.027466535568237305
398,1.0,1.0,1.0,1.0,1.0,0.022106647491455078
399,1.0,1.0,1.0,1.0,1.0,0.0242919921875
400,1.0,1.0,1.0,1.0,1.0,0.024777650833129883
401,1.0,1.0,1.0,1.0,1.0,0.025963783264160156
402,1.0,1.0,1.0,1.0,1.0,0.014934539794921875
403,1.0,1.0,1.0,1.0,1.0,0.02745985984802246
404,1.0,1.0,1.0,1.0,1.0,0.020743370056152344
405,1.0,1.0,1.0,1.0,1.0,0.024621963500976562
406,1.0,1.0,1.0,1.0,1.0,0.020346641540527344
407,1.0,1.0,1.0,1.0,1.0,0.020411968231201172
408,1.0,1.0,1.0,1.0,1.0,0.03136944770812988
409,1.0,1.0,1.0,1.0,1.0,0.024981021881103516
410,1.0,1.0,1.0,1.0,1.0,0.025541067123413086
411,1.0,1.0,1.0,1.0,1.0,0.026790857315063477
412,1.0,1.0,1.0,1.0,1.0,0.02024555206298828
413,1.0,1.0,1.0,1.0,1.0,0.018956422805786133
414,1.0,1.0,1.0,1.0,1.0,0.031255245208740234
415,1.0,1.0,1.0,1.0,1.0,0.026387691497802734
416,1.0,1.0,1.0,1.0,1.0,0.03364276885986328
417,1.0,1.0,1.0,1.0,1.0,0.03306984901428223
418,1.0,1.0,1.0,1.0,1.0,0.024929523468017578
419,1.0,1.0,1.0,1.0,1.0,0.023958206176757812
420,1.0,1.0,1.0,1.0,1.0,0.024460792541503906
421,1.0,1.0,1.0,1.0,1.0,0.02728104591369629
422,1.0,1.0,1.0,1.0,1.0,0.030590057373046875
423,1.0,1.0,1.0,1.0,1.0,0.02400684356689453
424,1.0,1.0,1.0,1.0,1.0,0.03283524513244629
425,1.0,1.0,1.0,1.0,1.0,0.024616241455078125
426,1.0,1.0,1.0,1.0,1.0,0.027839183807373047
427,1.0,1.0,1.0,1.0,1.0,0.025771617889404297
428,1.0,1.0,1.0,1.0,1.0,0.020276308059692383
429,1.0,1.0,1.0,1.0,1.0,0.027997732162475586
430,1.0,1.0,1.0,1.0,1.0,0.028911590576171875
431,1.0,1.0,1.0,1.0,1.0,0.016830921173095703
432,1.0,1.0,1.0,1.0,1.0,0.024729251861572266
433,1.0,1.0,1.0,1.0,1.0,0.02201104164123535
434,1.0,1.0,1.0,1.0,1.0,0.018224000930786133
435,1.0,1.0,1.0,1.0,1.0,0.028718948364257812
436,1.0,1.0,1.0,1.0,1.0,0.022181034088134766
437,1.0,1.0,1.0,1.0,1.0,0.024396181106567383
438,1.0,1.0,1.0,1.0,1.0,0.03232097625732422
439,1.0,1.0,1.0,1.0,1.0,0.03286933898925781
440,1.0,1.0,1.0,1.0,1.0,0.025095224380493164
441,1.0,1.0,1.0,1.0,1.0,0.02927708625793457
442,1.0,0.5,0.5,1.0,0.6666666666666666,0.02942514419555664
443,1.0,1.0,1.0,1.0,1.0,0.023160219192504883
444,1.0,1.0,1.0,1.0,1.0,0.08233356475830078
445,1.0,1.0,1.0,1.0,1.0,0.025589704513549805
446,1.0,1.0,1.0,1.0,1.0,0.04477071762084961
447,1.0,1.0,1.0,1.0,1.0,0.03691530227661133
448,1.0,1.0,1.0,1.0,1.0,0.03552103042602539
449,1.0,1.0,1.0,1.0,1.0,0.02963876724243164
450,1.0,1.0,1.0,1.0,1.0,0.028277873992919922
451,1.0,1.0,1.0,1.0,1.0,0.01313924789428711
452,1.0,1.0,1.0,1.0,1.0,0.024966955184936523
453,1.0,1.0,1.0,1.0,1.0,0.02463674545288086
454,1.0,1.0,1.0,1.0,1.0,0.032582759857177734
455,1.0,1.0,1.0,1.0,1.0,0.0167086124420166
456,1.0,1.0,1.0,1.0,1.0,0.024708032608032227
457,1.0,1.0,1.0,1.0,1.0,0.03546452522277832
458,1.0,1.0,1.0,1.0,1.0,0.02286505699157715
459,1.0,1.0,1.0,1.0,1.0,0.02487492561340332
460,1.0,1.0,1.0,1.0,1.0,0.017171621322631836
461,1.0,1.0,1.0,1.0,1.0,0.03227710723876953
462,1.0,1.0,1.0,1.0,1.0,0.04908490180969238
463,1.0,1.0,1.0,1.0,1.0,0.04144144058227539
464,1.0,1.0,1.0,1.0,1.0,0.025069236755371094
465,1.0,1.0,1.0,1.0,1.0,0.024550676345825195
466,1.0,1.0,1.0,1.0,1.0,0.024340391159057617
467,1.0,1.0,1.0,1.0,1.0,0.02483510971069336
468,1.0,1.0,1.0,1.0,1.0,0.026897907257080078
469,1.0,1.0,1.0,1.0,1.0,0.03244805335998535
470,1.0,1.0,1.0,1.0,1.0,0.030264616012573242
471,1.0,1.0,1.0,1.0,1.0,0.025043010711669922
472,1.0,1.0,1.0,1.0,1.0,0.041968584060668945
473,1.0,1.0,1.0,1.0,1.0,0.031102418899536133
474,1.0,1.0,1.0,1.0,1.0,0.018532514572143555
475,1.0,1.0,1.0,1.0,1.0,0.02503657341003418
476,1.0,1.0,1.0,1.0,1.0,0.02672863006591797
477,1.0,1.0,1.0,1.0,1.0,0.0308990478515625
478,1.0,1.0,1.0,1.0,1.0,0.08224272727966309
479,1.0,1.0,1.0,1.0,1.0,0.11656665802001953
480,1.0,1.0,1.0,1.0,1.0,0.08790421485900879
481,1.0,1.0,1.0,1.0,1.0,0.08267974853515625
482,1.0,1.0,1.0,1.0,1.0,0.06517553329467773
483,1.0,1.0,1.0,1.0,1.0,0.07650208473205566
484,1.0,1.0,1.0,1.0,1.0,0.07404923439025879
485,1.0,1.0,1.0,1.0,1.0,0.08867883682250977
486,1.0,1.0,1.0,1.0,1.0,0.059301137924194336
487,1.0,1.0,1.0,1.0,1.0,0.07227015495300293
488,1.0,1.0,1.0,1.0,1.0,0.07485508918762207
489,1.0,1.0,1.0,1.0,1.0,0.06550836563110352
490,1.0,1.0,1.0,1.0,1.0,0.033237457275390625
491,1.0,1.0,1.0,1.0,1.0,0.0243380069732666
492,1.0,1.0,1.0,1.0,1.0,0.027657032012939453
493,1.0,1.0,1.0,1.0,1.0,0.022398710250854492
494,1.0,1.0,1.0,1.0,1.0,0.025721073150634766
495,1.0,1.0,1.0,1.0,1.0,0.057204246520996094
496,1.0,1.0,1.0,1.0,1.0,0.08169722557067871
497,1.0,1.0,1.0,1.0,1.0,0.08396363258361816
498,1.0,1.0,1.0,1.0,1.0,0.05523991584777832
499,1.0,1.0,1.0,1.0,1.0,0.03569674491882324
500,1.0,1.0,1.0,1.0,1.0,0.04943704605102539
501,1.0,1.0,1.0,1.0,1.0,0.026095867156982422
502,1.0,1.0,1.0,1.0,1.0,0.0443873405456543
503,1.0,1.0,1.0,1.0,1.0,0.0328984260559082
504,1.0,1.0,1.0,1.0,1.0,0.028430700302124023
505,1.0,1.0,1.0,1.0,1.0,0.04082369804382324
506,1.0,1.0,1.0,1.0,1.0,0.04304337501525879
507,1.0,1.0,1.0,1.0,1.0,0.034093379974365234
508,1.0,1.0,1.0,1.0,1.0,0.03245139122009277
509,1.0,1.0,1.0,1.0,1.0,0.032451629638671875
510,1.0,1.0,1.0,1.0,1.0,0.026190519332885742
511,1.0,1.0,1.0,1.0,1.0,0.013509988784790039
512,1.0,1.0,1.0,1.0,1.0,0.025294780731201172
513,1.0,1.0,1.0,1.0,1.0,0.016669273376464844
514,1.0,1.0,1.0,1.0,1.0,0.025084972381591797
515,1.0,1.0,1.0,1.0,1.0,0.025116920471191406
516,1.0,1.0,1.0,1.0,1.0,0.028127431869506836
517,1.0,1.0,1.0,1.0,1.0,0.036188602447509766
518,1.0,1.0,1.0,1.0,1.0,0.0161740779876709
519,1.0,1.0,1.0,1.0,1.0,0.02453160285949707
520,1.0,1.0,1.0,1.0,1.0,0.025668621063232422
521,1.0,1.0,1.0,1.0,1.0,0.03287339210510254
522,1.0,1.0,1.0,1.0,1.0,0.025721311569213867
523,1.0,1.0,1.0,1.0,1.0,0.01579451560974121
524,1.0,1.0,1.0,1.0,1.0,0.03342437744140625
525,1.0,1.0,1.0,1.0,1.0,0.032315731048583984
526,1.0,1.0,1.0,1.0,1.0,0.052504539489746094
527,1.0,1.0,1.0,1.0,1.0,0.0810234546661377
528,1.0,1.0,1.0,1.0,1.0,0.08818483352661133
529,1.0,1.0,1.0,1.0,1.0,0.06732749938964844
530,1.0,1.0,1.0,1.0,1.0,0.030483722686767578
531,1.0,1.0,1.0,1.0,1.0,0.03321433067321777
532,1.0,1.0,1.0,1.0,1.0,0.030034542083740234
533,1.0,1.0,1.0,1.0,1.0,0.051338911056518555
534,1.0,1.0,1.0,1.0,1.0,0.02832627296447754
535,1.0,1.0,1.0,1.0,1.0,0.029391050338745117
536,1.0,1.0,1.0,1.0,1.0,0.03693103790283203
537,1.0,1.0,1.0,1.0,1.0,0.05399298667907715
538,1.0,1.0,1.0,1.0,1.0,0.07372426986694336
539,1.0,1.0,1.0,1.0,1.0,0.054441213607788086
540,1.0,1.0,1.0,1.0,1.0,0.052127838134765625
541,1.0,1.0,1.0,1.0,1.0,0.026531219482421875
542,1.0,1.0,1.0,1.0,1.0,0.0400388240814209
543,1.0,1.0,1.0,1.0,1.0,0.016272544860839844
544,1.0,1.0,1.0,1.0,1.0,0.024892568588256836
545,1.0,1.0,1.0,1.0,1.0,0.02491903305053711
546,1.0,1.0,1.0,1.0,1.0,0.024957895278930664
547,1.0,1.0,1.0,1.0,1.0,0.025494813919067383
548,1.0,1.0,1.0,1.0,1.0,0.023323774337768555
549,1.0,1.0,1.0,1.0,1.0,0.020400285720825195
550,1.0,1.0,1.0,1.0,1.0,0.031551361083984375
551,1.0,1.0,1.0,1.0,1.0,0.022418498992919922
552,1.0,1.0,1.0,1.0,1.0,0.024530410766601562
553,1.0,1.0,1.0,1.0,1.0,0.03343081474304199
554,1.0,1.0,1.0,1.0,1.0,0.016744613647460938
555,1.0,1.0,1.0,1.0,1.0,0.030602693557739258
556,1.0,1.0,1.0,1.0,1.0,0.043541669845581055
557,1.0,1.0,1.0,1.0,1.0,0.029688119888305664
558,1.0,1.0,1.0,1.0,1.0,0.04301619529724121
559,1.0,1.0,1.0,1.0,1.0,0.03226184844970703
560,1.0,1.0,1.0,1.0,1.0,0.03293919563293457
561,1.0,1.0,1.0,1.0,1.0,0.024600744247436523
562,1.0,1.0,1.0,1.0,1.0,0.025063037872314453
563,1.0,1.0,1.0,1.0,1.0,0.024816036224365234
564,1.0,1.0,1.0,1.0,1.0,0.025481462478637695
565,1.0,1.0,1.0,1.0,1.0,0.024581193923950195
566,1.0,1.0,1.0,1.0,1.0,0.025207042694091797
567,1.0,1.0,1.0,1.0,1.0,0.024428129196166992
568,1.0,1.0,1.0,1.0,1.0,0.01698160171508789
569,1.0,1.0,1.0,1.0,1.0,0.025216102600097656
570,1.0,1.0,1.0,1.0,1.0,0.02508068084716797
571,1.0,1.0,1.0,1.0,1.0,0.024750709533691406
572,1.0,1.0,1.0,1.0,1.0,0.017179489135742188
573,1.0,1.0,1.0,1.0,1.0,0.02507805824279785
574,1.0,1.0,1.0,1.0,1.0,0.016932964324951172
575,1.0,1.0,1.0,1.0,1.0,0.03561258316040039
576,1.0,1.0,1.0,1.0,1.0,0.022212743759155273
577,1.0,1.0,1.0,1.0,1.0,0.025376558303833008
578,1.0,1.0,1.0,1.0,1.0,0.02492499351501465
579,1.0,1.0,1.0,1.0,1.0,0.01711750030517578
580,1.0,1.0,1.0,1.0,1.0,0.03278756141662598
581,1.0,1.0,1.0,1.0,1.0,0.01706552505493164
582,1.0,1.0,1.0,1.0,1.0,0.025002479553222656
583,1.0,1.0,1.0,1.0,1.0,0.032813310623168945
584,1.0,1.0,1.0,1.0,1.0,0.02516770362854004
585,1.0,1.0,1.0,1.0,1.0,0.025552749633789062
586,1.0,0.5,0.5,1.0,0.6666666666666666,0.024008512496948242
587,1.0,1.0,1.0,1.0,1.0,0.03328990936279297
588,1.0,1.0,1.0,1.0,1.0,0.0376584529876709
589,1.0,1.0,1.0,1.0,1.0,0.043756961822509766
590,1.0,1.0,1.0,1.0,1.0,0.025140047073364258
591,1.0,1.0,1.0,1.0,1.0,0.017171621322631836
592,1.0,1.0,1.0,1.0,1.0,0.02485489845275879
593,1.0,1.0,1.0,1.0,1.0,0.03304338455200195
594,1.0,1.0,1.0,1.0,1.0,0.02285480499267578
595,1.0,1.0,1.0,1.0,1.0,0.024900436401367188
596,1.0,1.0,1.0,1.0,1.0,0.02024555206298828
597,1.0,1.0,1.0,1.0,1.0,0.023273944854736328
598,1.0,1.0,1.0,1.0,1.0,0.024821758270263672
599,1.0,1.0,1.0,1.0,1.0,0.02485346794128418
600,1.0,1.0,1.0,1.0,1.0,0.03235650062561035
601,1.0,1.0,1.0,1.0,1.0,0.026461124420166016
602,1.0,1.0,1.0,1.0,1.0,0.02575230598449707
603,1.0,1.0,1.0,1.0,1.0,0.02846074104309082
604,1.0,1.0,1.0,1.0,1.0,0.03569293022155762
605,1.0,1.0,1.0,1.0,1.0,0.025937557220458984
606,1.0,1.0,1.0,1.0,1.0,0.024214744567871094
607,1.0,1.0,1.0,1.0,1.0,0.024740219116210938
608,1.0,1.0,1.0,1.0,1.0,0.02522754669189453
609,1.0,1.0,1.0,1.0,1.0,0.026274442672729492
610,1.0,1.0,1.0,1.0,1.0,0.02333521842956543
611,1.0,1.0,1.0,1.0,1.0,0.025365829467773438
612,1.0,1.0,1.0,1.0,1.0,0.02497553825378418
613,1.0,1.0,1.0,1.0,1.0,0.026484251022338867
614,1.0,1.0,1.0,1.0,1.0,0.031711578369140625
615,1.0,1.0,1.0,1.0,1.0,0.01667046546936035
616,1.0,1.0,1.0,1.0,1.0,0.025511503219604492
617,1.0,1.0,1.0,1.0,1.0,0.025393247604370117
618,1.0,1.0,1.0,1.0,1.0,0.025475263595581055
619,1.0,1.0,1.0,1.0,1.0,0.01613450050354004
620,1.0,1.0,1.0,1.0,1.0,0.03353428840637207
621,1.0,1.0,1.0,1.0,1.0,0.024628162384033203
622,1.0,1.0,1.0,1.0,1.0,0.02499222755432129
623,1.0,1.0,1.0,1.0,1.0,0.024311542510986328
624,1.0,1.0,1.0,1.0,1.0,0.01626300811767578
625,1.0,1.0,1.0,1.0,1.0,0.03310036659240723
626,1.0,1.0,1.0,1.0,1.0,0.02545785903930664
627,1.0,1.0,1.0,1.0,1.0,0.022867202758789062
628,1.0,1.0,1.0,1.0,1.0,0.03701186180114746
629,1.0,1.0,1.0,1.0,1.0,0.020748615264892578
630,1.0,1.0,1.0,1.0,1.0,0.02057671546936035
631,1.0,1.0,1.0,1.0,1.0,0.02540111541748047
632,1.0,1.0,1.0,1.0,1.0,0.016126394271850586
633,1.0,1.0,1.0,1.0,1.0,0.02695298194885254
634,1.0,1.0,1.0,1.0,1.0,0.026298999786376953
635,1.0,1.0,1.0,1.0,1.0,0.04013943672180176
636,1.0,1.0,1.0,1.0,1.0,0.024631023406982422
637,1.0,1.0,1.0,1.0,1.0,0.028449058532714844
638,1.0,1.0,1.0,1.0,1.0,0.02141571044921875
639,1.0,1.0,1.0,1.0,1.0,0.016814231872558594
640,1.0,1.0,1.0,1.0,1.0,0.036237239837646484
641,1.0,1.0,1.0,1.0,1.0,0.04268026351928711
642,1.0,1.0,1.0,1.0,1.0,0.03066396713256836
643,1.0,1.0,1.0,1.0,1.0,0.059900760650634766
644,1.0,1.0,1.0,1.0,1.0,0.057256460189819336
645,1.0,1.0,1.0,1.0,1.0,0.0654599666595459
646,1.0,1.0,1.0,1.0,1.0,0.058626651763916016
647,1.0,1.0,1.0,1.0,1.0,0.05284380912780762
648,1.0,1.0,1.0,1.0,1.0,0.054798126220703125
649,1.0,1.0,1.0,1.0,1.0,0.05435585975646973
650,1.0,1.0,1.0,1.0,1.0,0.04110431671142578
651,1.0,1.0,1.0,1.0,1.0,0.037969112396240234
652,1.0,1.0,1.0,1.0,1.0,0.020760297775268555
653,1.0,1.0,1.0,1.0,1.0,0.02335810661315918
654,1.0,1.0,1.0,1.0,1.0,0.016623735427856445
655,1.0,1.0,1.0,1.0,1.0,0.028415679931640625
656,1.0,1.0,1.0,1.0,1.0,0.03444814682006836
657,1.0,1.0,1.0,1.0,1.0,0.03499484062194824
658,1.0,1.0,1.0,1.0,1.0,0.028673171997070312
659,1.0,1.0,1.0,1.0,1.0,0.026254892349243164
660,1.0,1.0,1.0,1.0,1.0,0.026177406311035156
661,1.0,1.0,1.0,1.0,1.0,0.02526259422302246
662,1.0,1.0,1.0,1.0,1.0,0.024453401565551758
663,1.0,1.0,1.0,1.0,1.0,0.025191068649291992
664,1.0,1.0,1.0,1.0,1.0,0.03272843360900879
665,1.0,1.0,1.0,1.0,1.0,0.024747371673583984
666,1.0,1.0,1.0,1.0,1.0,0.028795957565307617
667,1.0,1.0,1.0,1.0,1.0,0.03721356391906738
668,1.0,1.0,1.0,1.0,1.0,0.025044679641723633
669,1.0,1.0,1.0,1.0,1.0,0.024646997451782227
670,1.0,1.0,1.0,1.0,1.0,0.03297233581542969
671,1.0,1.0,1.0,1.0,1.0,0.024964094161987305
672,1.0,1.0,1.0,1.0,1.0,0.0243072509765625
673,1.0,1.0,1.0,1.0,1.0,0.03289151191711426
674,1.0,1.0,1.0,1.0,1.0,0.0250089168548584
675,1.0,1.0,1.0,1.0,1.0,0.025348186492919922
676,1.0,1.0,1.0,1.0,1.0,0.024385929107666016
677,1.0,1.0,1.0,1.0,1.0,0.024012327194213867
678,1.0,1.0,1.0,1.0,1.0,0.03309822082519531
679,1.0,1.0,1.0,1.0,1.0,0.03297090530395508
680,1.0,1.0,1.0,1.0,1.0,0.032904863357543945
681,1.0,1.0,1.0,1.0,1.0,0.025848388671875
682,1.0,1.0,1.0,1.0,1.0,0.02741408348083496
683,1.0,1.0,1.0,1.0,1.0,0.028124570846557617
684,1.0,1.0,1.0,1.0,1.0,0.027608871459960938
685,1.0,1.0,1.0,1.0,1.0,0.022841930389404297
686,1.0,1.0,1.0,1.0,1.0,0.03271794319152832
687,1.0,1.0,1.0,1.0,1.0,0.017048120498657227
688,1.0,1.0,1.0,1.0,1.0,0.02365875244140625
689,1.0,1.0,1.0,1.0,1.0,0.025595903396606445
690,1.0,1.0,1.0,1.0,1.0,0.02432394027709961
691,1.0,1.0,1.0,1.0,1.0,0.024585962295532227
692,1.0,1.0,1.0,1.0,1.0,0.025735855102539062
693,1.0,1.0,1.0,1.0,1.0,0.032503366470336914
694,1.0,1.0,1.0,1.0,1.0,0.0168917179107666
695,1.0,1.0,1.0,1.0,1.0,0.025030851364135742
696,1.0,1.0,1.0,1.0,1.0,0.026640892028808594
697,1.0,1.0,1.0,1.0,1.0,0.03167009353637695
698,1.0,1.0,1.0,1.0,1.0,0.026719093322753906
699,1.0,1.0,1.0,1.0,1.0,0.022284746170043945
700,1.0,1.0,1.0,1.0,1.0,0.033528804779052734
701,1.0,1.0,1.0,1.0,1.0,0.02433609962463379
702,1.0,1.0,1.0,1.0,1.0,0.03341388702392578
703,1.0,1.0,1.0,1.0,1.0,0.0245211124420166
704,1.0,1.0,1.0,1.0,1.0,0.03290510177612305
705,1.0,1.0,1.0,1.0,1.0,0.024489402770996094
706,1.0,1.0,1.0,1.0,1.0,0.03297281265258789
707,1.0,1.0,1.0,1.0,1.0,0.0250701904296875
708,1.0,1.0,1.0,1.0,1.0,0.025448322296142578
709,1.0,1.0,1.0,1.0,1.0,0.0332643985748291
710,1.0,1.0,1.0,1.0,1.0,0.02594923973083496
711,1.0,1.0,1.0,1.0,1.0,0.022453784942626953
712,1.0,1.0,1.0,1.0,1.0,0.028415679931640625
713,1.0,1.0,1.0,1.0,1.0,0.02048349380493164
714,1.0,1.0,1.0,1.0,1.0,0.03321123123168945
715,1.0,1.0,1.0,1.0,1.0,0.03185105323791504
716,1.0,1.0,1.0,1.0,1.0,0.033269405364990234
717,1.0,1.0,1.0,1.0,1.0,0.03256797790527344
718,1.0,1.0,1.0,1.0,1.0,0.03381752967834473
719,1.0,1.0,1.0,1.0,1.0,0.031554222106933594
720,1.0,1.0,1.0,1.0,1.0,0.04687976837158203
721,1.0,1.0,1.0,1.0,1.0,0.03257489204406738
722,1.0,1.0,1.0,1.0,1.0,0.028011560440063477
723,1.0,1.0,1.0,1.0,1.0,0.023953914642333984
724,1.0,1.0,1.0,1.0,1.0,0.035050392150878906
725,1.0,1.0,1.0,1.0,1.0,0.022710800170898438
726,1.0,1.0,1.0,1.0,1.0,0.02393031120300293
727,1.0,1.0,1.0,1.0,1.0,0.026731491088867188
728,1.0,1.0,1.0,1.0,1.0,0.0473787784576416
729,1.0,1.0,1.0,1.0,1.0,0.03337407112121582
730,1.0,1.0,1.0,1.0,1.0,0.04947400093078613
731,1.0,1.0,1.0,1.0,1.0,0.025514602661132812
732,1.0,1.0,1.0,1.0,1.0,0.024626970291137695
733,1.0,1.0,1.0,1.0,1.0,0.055306434631347656
734,1.0,1.0,1.0,1.0,1.0,0.028174161911010742
735,1.0,1.0,1.0,1.0,1.0,0.04006600379943848
736,1.0,1.0,1.0,1.0,1.0,0.03249239921569824
737,1.0,1.0,1.0,1.0,1.0,0.032555341720581055
738,1.0,1.0,1.0,1.0,1.0,0.02457714080810547
739,1.0,1.0,1.0,1.0,1.0,0.038773536682128906
740,1.0,1.0,1.0,1.0,1.0,0.026833534240722656
741,1.0,1.0,1.0,1.0,1.0,0.03242373466491699
742,1.0,1.0,1.0,1.0,1.0,0.017192602157592773
743,1.0,1.0,1.0,1.0,1.0,0.024330854415893555
744,1.0,1.0,1.0,1.0,1.0,0.0330965518951416
745,1.0,1.0,1.0,1.0,1.0,0.027921199798583984
746,1.0,1.0,1.0,1.0,1.0,0.0209808349609375
747,1.0,1.0,1.0,1.0,1.0,0.024956464767456055
748,1.0,1.0,1.0,1.0,1.0,0.016473054885864258
749,1.0,1.0,1.0,1.0,1.0,0.026270389556884766
750,1.0,1.0,1.0,1.0,1.0,0.023778676986694336
751,1.0,1.0,1.0,1.0,1.0,0.03020334243774414
752,1.0,1.0,1.0,1.0,1.0,0.028209686279296875
753,1.0,1.0,1.0,1.0,1.0,0.02469182014465332
754,1.0,1.0,1.0,1.0,1.0,0.033514976501464844
755,1.0,1.0,1.0,1.0,1.0,0.024729251861572266
756,1.0,1.0,1.0,1.0,1.0,0.025247812271118164
757,1.0,1.0,1.0,1.0,1.0,0.03343987464904785
758,1.0,1.0,1.0,1.0,1.0,0.048277854919433594
759,1.0,1.0,1.0,1.0,1.0,0.03268790245056152
760,1.0,1.0,1.0,1.0,1.0,0.06208658218383789
761,1.0,1.0,1.0,1.0,1.0,0.09459781646728516
762,1.0,1.0,1.0,1.0,1.0,0.1565690040588379
763,1.0,1.0,1.0,1.0,1.0,0.11157655715942383
764,1.0,1.0,1.0,1.0,1.0,0.12755632400512695
765,1.0,1.0,1.0,1.0,1.0,0.11986613273620605
766,1.0,1.0,1.0,1.0,1.0,0.18239426612854004
767,1.0,1.0,1.0,1.0,1.0,0.17638659477233887
768,1.0,1.0,1.0,1.0,1.0,0.0892794132232666
769,1.0,1.0,1.0,1.0,1.0,0.11520910263061523
770,1.0,1.0,1.0,1.0,1.0,0.17714643478393555
771,1.0,1.0,1.0,1.0,1.0,0.16540789604187012
772,1.0,1.0,1.0,1.0,1.0,0.16137337684631348
773,1.0,1.0,1.0,1.0,1.0,0.16051244735717773
774,1.0,1.0,1.0,1.0,1.0,0.10123491287231445
775,1.0,1.0,1.0,1.0,1.0,0.16353511810302734
776,1.0,1.0,1.0,1.0,1.0,0.1249854564666748
777,1.0,1.0,1.0,1.0,1.0,0.0907278060913086
778,1.0,1.0,1.0,1.0,1.0,0.08717966079711914
779,1.0,1.0,1.0,1.0,1.0,0.0972447395324707
780,1.0,1.0,1.0,1.0,1.0,0.15260076522827148
781,1.0,1.0,1.0,1.0,1.0,0.16956520080566406
782,1.0,1.0,1.0,1.0,1.0,0.2856292724609375
783,1.0,1.0,1.0,1.0,1.0,0.3426656723022461
784,1.0,1.0,1.0,1.0,1.0,0.27208399772644043
785,1.0,1.0,1.0,1.0,1.0,0.3145487308502197
786,1.0,1.0,1.0,1.0,1.0,0.2874634265899658
787,1.0,1.0,1.0,1.0,1.0,0.19947099685668945
788,1.0,1.0,1.0,1.0,1.0,0.10763430595397949
789,1.0,1.0,1.0,1.0,1.0,0.14072489738464355
790,1.0,1.0,1.0,1.0,1.0,0.13536334037780762
791,1.0,1.0,1.0,1.0,1.0,0.16764307022094727
792,1.0,1.0,1.0,1.0,1.0,0.14838767051696777
793,1.0,1.0,1.0,1.0,1.0,0.13770413398742676
794,1.0,1.0,1.0,1.0,1.0,0.1169743537902832
795,1.0,1.0,1.0,1.0,1.0,0.26129698753356934
796,1.0,1.0,1.0,1.0,1.0,0.1186068058013916
797,1.0,1.0,1.0,1.0,1.0,0.13563752174377441
798,1.0,1.0,1.0,1.0,1.0,0.1180562973022461
799,1.0,1.0,1.0,1.0,1.0,0.18403863906860352
800,1.0,1.0,1.0,1.0,1.0,0.19313263893127441
801,1.0,1.0,1.0,1.0,1.0,0.12246441841125488
802,1.0,1.0,1.0,1.0,1.0,0.11190295219421387
803,1.0,1.0,1.0,1.0,1.0,0.1054847240447998
804,1.0,1.0,1.0,1.0,1.0,0.11461520195007324
805,1.0,1.0,1.0,1.0,1.0,0.09546995162963867
806,1.0,1.0,1.0,1.0,1.0,0.09532475471496582
807,1.0,1.0,1.0,1.0,1.0,0.1262340545654297
808,1.0,1.0,1.0,1.0,1.0,0.14633655548095703
809,1.0,1.0,1.0,1.0,1.0,0.13170719146728516
810,1.0,1.0,1.0,1.0,1.0,0.07967519760131836
811,1.0,1.0,1.0,1.0,1.0,0.09519624710083008
812,1.0,1.0,1.0,1.0,1.0,0.07911181449890137
813,1.0,1.0,1.0,1.0,1.0,0.0953664779663086
814,1.0,1.0,1.0,1.0,1.0,0.14808392524719238
815,1.0,1.0,1.0,1.0,1.0,0.12828350067138672
816,1.0,1.0,1.0,1.0,1.0,0.10005998611450195
817,1.0,1.0,1.0,1.0,1.0,0.11100506782531738
818,1.0,1.0,1.0,1.0,1.0,0.09701037406921387
819,1.0,1.0,1.0,1.0,1.0,0.09720492362976074
820,1.0,1.0,1.0,1.0,1.0,0.10750627517700195
821,1.0,1.0,1.0,1.0,1.0,0.08127140998840332
822,1.0,1.0,1.0,1.0,1.0,0.09510445594787598
823,1.0,1.0,1.0,1.0,1.0,0.09663128852844238
824,1.0,1.0,1.0,1.0,1.0,0.07753396034240723
825,1.0,1.0,1.0,1.0,1.0,0.0950624942779541
826,1.0,1.0,1.0,1.0,1.0,0.1109914779663086
827,1.0,1.0,1.0,1.0,1.0,0.09504365921020508
828,1.0,1.0,1.0,1.0,1.0,0.0896146297454834
829,1.0,1.0,1.0,1.0,1.0,0.08493804931640625
830,1.0,1.0,1.0,1.0,1.0,0.07871127128601074
831,1.0,1.0,1.0,1.0,1.0,0.07951545715332031
832,1.0,1.0,1.0,1.0,1.0,0.07931756973266602
833,1.0,1.0,1.0,1.0,1.0,0.09728717803955078
834,1.0,1.0,1.0,1.0,1.0,0.09112071990966797
835,1.0,1.0,1.0,1.0,1.0,0.17570185661315918
836,1.0,1.0,1.0,1.0,1.0,0.12675118446350098
837,1.0,1.0,1.0,1.0,1.0,0.09580230712890625
838,1.0,1.0,1.0,1.0,1.0,0.087738037109375
839,1.0,1.0,1.0,1.0,1.0,0.10652852058410645
840,1.0,1.0,1.0,1.0,1.0,0.13119053840637207
841,1.0,1.0,1.0,1.0,1.0,0.1150062084197998
842,1.0,1.0,1.0,1.0,1.0,0.14501285552978516
843,1.0,1.0,1.0,1.0,1.0,0.11635708808898926
844,1.0,1.0,1.0,1.0,1.0,0.08774566650390625
845,1.0,1.0,1.0,1.0,1.0,0.09731507301330566
846,1.0,1.0,1.0,1.0,1.0,0.0964512825012207
847,1.0,1.0,1.0,1.0,1.0,0.0793461799621582
848,1.0,1.0,1.0,1.0,1.0,0.07939672470092773
849,1.0,1.0,1.0,1.0,1.0,0.0897519588470459
850,1.0,1.0,1.0,1.0,1.0,0.09072256088256836
851,1.0,1.0,1.0,1.0,1.0,0.07444500923156738
852,1.0,1.0,1.0,1.0,1.0,0.07892060279846191
853,1.0,1.0,1.0,1.0,1.0,0.11989688873291016
854,1.0,1.0,1.0,1.0,1.0,0.09237384796142578
855,1.0,1.0,1.0,1.0,1.0,0.10288357734680176
856,1.0,1.0,1.0,1.0,1.0,0.08185434341430664
857,1.0,1.0,1.0,1.0,1.0,0.07870149612426758
858,1.0,1.0,1.0,1.0,1.0,0.08363056182861328
859,1.0,1.0,1.0,1.0,1.0,0.08442115783691406
860,1.0,1.0,1.0,1.0,1.0,0.09601497650146484
861,1.0,1.0,1.0,1.0,1.0,0.1014869213104248
862,1.0,1.0,1.0,1.0,1.0,0.07847809791564941
863,1.0,1.0,1.0,1.0,1.0,0.0827484130859375
864,1.0,1.0,1.0,1.0,1.0,0.0749366283416748
865,1.0,1.0,1.0,1.0,1.0,0.0834665298461914
866,1.0,1.0,1.0,1.0,1.0,0.0923464298248291
867,1.0,1.0,1.0,1.0,1.0,0.10886502265930176
868,1.0,1.0,1.0,1.0,1.0,0.09428668022155762
869,1.0,1.0,1.0,1.0,1.0,0.08321428298950195
870,1.0,1.0,1.0,1.0,1.0,0.0796661376953125
871,1.0,1.0,1.0,1.0,1.0,0.0831761360168457
872,1.0,0.5,0.5,1.0,0.6666666666666666,0.07642960548400879
873,1.0,1.0,1.0,1.0,1.0,0.0761263370513916
874,1.0,1.0,1.0,1.0,1.0,0.09771585464477539
875,1.0,1.0,1.0,1.0,1.0,0.09726619720458984
876,1.0,1.0,1.0,1.0,1.0,0.11325263977050781
877,1.0,1.0,1.0,1.0,1.0,0.09479904174804688
878,1.0,1.0,1.0,1.0,1.0,0.0820765495300293
879,1.0,1.0,1.0,1.0,1.0,0.08782315254211426
880,1.0,1.0,1.0,1.0,1.0,0.08016085624694824
881,1.0,1.0,1.0,1.0,1.0,0.0761711597442627
882,1.0,1.0,1.0,1.0,1.0,0.07335209846496582
883,1.0,1.0,1.0,1.0,1.0,0.07927942276000977
884,1.0,1.0,1.0,1.0,1.0,0.07905316352844238
885,1.0,1.0,1.0,1.0,1.0,0.06322741508483887
886,1.0,1.0,1.0,1.0,1.0,0.07928633689880371
887,1.0,1.0,1.0,1.0,1.0,0.10694718360900879
888,1.0,1.0,1.0,1.0,1.0,0.09615135192871094
889,1.0,1.0,1.0,1.0,1.0,0.08999896049499512
890,1.0,1.0,1.0,1.0,1.0,0.11096906661987305
891,1.0,1.0,1.0,1.0,1.0,0.0845184326171875
892,1.0,1.0,1.0,1.0,1.0,0.08445572853088379
893,1.0,1.0,1.0,1.0,1.0,0.0898137092590332
894,1.0,1.0,1.0,1.0,1.0,0.07929372787475586
895,1.0,1.0,1.0,1.0,1.0,0.095062255859375
896,1.0,1.0,1.0,1.0,1.0,0.0794672966003418
897,1.0,1.0,1.0,1.0,1.0,0.08143019676208496
898,1.0,1.0,1.0,1.0,1.0,0.07819700241088867
899,1.0,1.0,1.0,1.0,1.0,0.0951089859008789
900,1.0,1.0,1.0,1.0,1.0,0.07938194274902344
901,1.0,1.0,1.0,1.0,1.0,0.07929587364196777
902,1.0,1.0,1.0,1.0,1.0,0.11871504783630371
903,1.0,1.0,1.0,1.0,1.0,0.1225440502166748
904,1.0,1.0,1.0,1.0,1.0,0.10450124740600586
905,1.0,1.0,1.0,1.0,1.0,0.08898687362670898
906,1.0,1.0,1.0,1.0,1.0,0.09014081954956055
907,1.0,1.0,1.0,1.0,1.0,0.0903780460357666
908,1.0,1.0,1.0,1.0,1.0,0.08343219757080078
909,1.0,1.0,1.0,1.0,1.0,0.08776998519897461
910,1.0,1.0,1.0,1.0,1.0,0.10196805000305176
911,1.0,1.0,1.0,1.0,1.0,0.11007022857666016
912,1.0,1.0,1.0,1.0,1.0,0.09024405479431152
913,1.0,1.0,1.0,1.0,1.0,0.09032416343688965
914,1.0,1.0,1.0,1.0,1.0,0.0819540023803711
915,1.0,1.0,1.0,1.0,1.0,0.07951235771179199
916,1.0,1.0,1.0,1.0,1.0,0.07483601570129395
917,1.0,1.0,1.0,1.0,1.0,0.06500363349914551
918,1.0,1.0,1.0,1.0,1.0,0.07921004295349121
919,1.0,1.0,1.0,1.0,1.0,0.07891106605529785
920,1.0,1.0,1.0,1.0,1.0,0.08961987495422363
921,1.0,1.0,1.0,1.0,1.0,0.10350942611694336
922,1.0,1.0,1.0,1.0,1.0,0.08982062339782715
923,1.0,1.0,1.0,1.0,1.0,0.09877991676330566
924,1.0,1.0,1.0,1.0,1.0,0.0879974365234375
925,1.0,1.0,1.0,1.0,1.0,0.08341717720031738
926,1.0,1.0,1.0,1.0,1.0,0.08329296112060547
927,1.0,1.0,1.0,1.0,1.0,0.07732820510864258
928,1.0,1.0,1.0,1.0,1.0,0.07868599891662598
929,1.0,1.0,1.0,1.0,1.0,0.09548735618591309
930,1.0,1.0,1.0,1.0,1.0,0.11011171340942383
931,1.0,1.0,1.0,1.0,1.0,0.09684443473815918
932,1.0,1.0,1.0,1.0,1.0,0.07372069358825684
933,1.0,1.0,1.0,1.0,1.0,0.09962773323059082
934,1.0,1.0,1.0,1.0,1.0,0.10615277290344238
935,1.0,1.0,1.0,1.0,1.0,0.09722137451171875
936,1.0,1.0,1.0,1.0,1.0,0.08009982109069824
937,1.0,1.0,1.0,1.0,1.0,0.09256339073181152
938,1.0,1.0,1.0,1.0,1.0,0.08360457420349121
939,1.0,1.0,1.0,1.0,1.0,0.0892021656036377
940,1.0,1.0,1.0,1.0,1.0,0.08560562133789062
941,1.0,1.0,1.0,1.0,1.0,0.08107256889343262
942,1.0,1.0,1.0,1.0,1.0,0.07632780075073242
943,1.0,1.0,1.0,1.0,1.0,0.08340692520141602
944,1.0,1.0,1.0,1.0,1.0,0.11826705932617188
945,1.0,1.0,1.0,1.0,1.0,0.13132166862487793
946,1.0,1.0,1.0,1.0,1.0,0.11857843399047852
947,1.0,1.0,1.0,1.0,1.0,0.11405563354492188
948,1.0,1.0,1.0,1.0,1.0,0.13396739959716797
949,1.0,1.0,1.0,1.0,1.0,0.10657691955566406
950,1.0,1.0,1.0,1.0,1.0,0.12705373764038086
951,1.0,1.0,1.0,1.0,1.0,0.10421180725097656
952,1.0,1.0,1.0,1.0,1.0,0.10181069374084473
953,1.0,1.0,1.0,1.0,1.0,0.08366060256958008
954,1.0,1.0,1.0,1.0,1.0,0.09052133560180664
955,1.0,1.0,1.0,1.0,1.0,0.13152050971984863
956,1.0,1.0,1.0,1.0,1.0,0.11160922050476074
957,1.0,1.0,1.0,1.0,1.0,0.12583041191101074
958,1.0,1.0,1.0,1.0,1.0,0.10994553565979004
959,1.0,1.0,1.0,1.0,1.0,0.08743643760681152
960,1.0,1.0,1.0,1.0,1.0,0.11312627792358398
961,1.0,1.0,1.0,1.0,1.0,0.10530829429626465
962,1.0,1.0,1.0,1.0,1.0,0.09626364707946777
963,1.0,1.0,1.0,1.0,1.0,0.09946751594543457
964,1.0,1.0,1.0,1.0,1.0,0.09823369979858398
965,1.0,1.0,1.0,1.0,1.0,0.10063576698303223
966,1.0,1.0,1.0,1.0,1.0,0.09024906158447266
967,1.0,1.0,1.0,1.0,1.0,0.09212684631347656
968,1.0,1.0,1.0,1.0,1.0,0.09306502342224121
969,1.0,1.0,1.0,1.0,1.0,0.08364176750183105
970,1.0,1.0,1.0,1.0,1.0,0.08991575241088867
971,1.0,1.0,1.0,1.0,1.0,0.08349370956420898
972,1.0,1.0,1.0,1.0,1.0,0.07646870613098145
973,1.0,1.0,1.0,1.0,1.0,0.0888221263885498
974,1.0,1.0,1.0,1.0,1.0,0.08487129211425781
975,1.0,1.0,1.0,1.0,1.0,0.08422470092773438
976,1.0,1.0,1.0,1.0,1.0,0.0819096565246582
977,1.0,1.0,1.0,1.0,1.0,0.08357477188110352
978,1.0,1.0,1.0,1.0,1.0,0.08257126808166504
979,1.0,1.0,1.0,1.0,1.0,0.07806158065795898
980,1.0,1.0,1.0,1.0,1.0,0.08256006240844727
981,1.0,1.0,1.0,1.0,1.0,0.08364462852478027
982,1.0,1.0,1.0,1.0,1.0,0.08189630508422852
983,1.0,1.0,1.0,1.0,1.0,0.07807588577270508
984,1.0,1.0,1.0,1.0,1.0,0.07994556427001953
985,1.0,1.0,1.0,1.0,1.0,0.08383607864379883
986,1.0,1.0,1.0,1.0,1.0,0.07846570014953613
987,1.0,1.0,1.0,1.0,1.0,0.08414626121520996
988,1.0,1.0,1.0,1.0,1.0,0.08972525596618652
989,1.0,1.0,1.0,1.0,1.0,0.0833280086517334
990,1.0,1.0,1.0,1.0,1.0,0.07633471488952637
991,1.0,1.0,1.0,1.0,1.0,0.08327150344848633
992,1.0,1.0,1.0,1.0,1.0,0.07220268249511719
993,1.0,1.0,1.0,1.0,1.0,0.07942461967468262
994,1.0,1.0,1.0,1.0,1.0,0.07831811904907227
995,1.0,1.0,1.0,1.0,1.0,0.07919859886169434
996,1.0,1.0,1.0,1.0,1.0,0.06340980529785156
997,1.0,1.0,1.0,1.0,1.0,0.07902836799621582
998,1.0,1.0,1.0,1.0,1.0,0.07931065559387207
999,1.0,1.0,1.0,1.0,1.0,0.07927370071411133
1000,1.0,1.0,1.0,1.0,1.0,0.08955740928649902
1001,1.0,1.0,1.0,1.0,1.0,0.06903982162475586
1002,1.0,1.0,1.0,1.0,1.0,0.10003042221069336
1003,1.0,1.0,1.0,1.0,1.0,0.10782337188720703
1004,1.0,1.0,1.0,1.0,1.0,0.10397005081176758
1005,1.0,1.0,1.0,1.0,1.0,0.10241818428039551
1006,1.0,1.0,1.0,1.0,1.0,0.10271978378295898
1007,1.0,1.0,1.0,1.0,1.0,0.11051654815673828
1008,1.0,1.0,1.0,1.0,1.0,0.09069442749023438
1009,1.0,1.0,1.0,1.0,1.0,0.09046745300292969
1010,1.0,1.0,1.0,1.0,1.0,0.09728193283081055
1011,1.0,1.0,1.0,1.0,1.0,0.10558199882507324
1012,1.0,1.0,1.0,1.0,1.0,0.08919334411621094
1013,1.0,1.0,1.0,1.0,1.0,0.1044621467590332
1014,1.0,1.0,1.0,1.0,1.0,0.14809465408325195
1015,1.0,1.0,1.0,1.0,1.0,0.10066771507263184
1016,1.0,1.0,1.0,1.0,1.0,0.07714581489562988
1017,1.0,1.0,1.0,1.0,1.0,0.08316493034362793
1018,1.0,1.0,1.0,1.0,1.0,0.08870625495910645
1019,1.0,1.0,1.0,1.0,1.0,0.07054305076599121
1020,1.0,1.0,1.0,1.0,1.0,0.07912874221801758
1021,1.0,1.0,1.0,1.0,1.0,0.0956888198852539
1022,1.0,1.0,1.0,1.0,1.0,0.07789802551269531
1023,1.0,1.0,1.0,1.0,1.0,0.07906818389892578
1024,1.0,1.0,1.0,1.0,1.0,0.07890200614929199
1025,1.0,1.0,1.0,1.0,1.0,0.07929730415344238
1026,1.0,1.0,1.0,1.0,1.0,0.07361292839050293
1027,1.0,1.0,1.0,1.0,1.0,0.06891608238220215
1028,1.0,1.0,1.0,1.0,1.0,0.07892751693725586
1029,1.0,1.0,1.0,1.0,1.0,0.08614420890808105
1030,1.0,1.0,1.0,1.0,1.0,0.07292819023132324
1031,1.0,1.0,1.0,1.0,1.0,0.07936954498291016
1032,1.0,1.0,1.0,1.0,1.0,0.10454225540161133
1033,1.0,1.0,1.0,1.0,1.0,0.07265400886535645
1034,1.0,1.0,1.0,1.0,1.0,0.08803009986877441
1035,1.0,1.0,1.0,1.0,1.0,0.07954859733581543
1036,1.0,1.0,1.0,1.0,1.0,0.08598589897155762
1037,1.0,1.0,1.0,1.0,1.0,0.09899067878723145
1038,1.0,1.0,1.0,1.0,1.0,0.09598183631896973
1039,1.0,1.0,1.0,1.0,1.0,0.08015704154968262
1040,1.0,1.0,1.0,1.0,1.0,0.07899618148803711
1041,1.0,1.0,1.0,1.0,1.0,0.07641124725341797
1042,1.0,1.0,1.0,1.0,1.0,0.11311745643615723
1043,1.0,1.0,1.0,1.0,1.0,0.10291647911071777
1044,1.0,1.0,1.0,1.0,1.0,0.10400986671447754
1045,1.0,1.0,1.0,1.0,1.0,0.11225390434265137
1046,1.0,1.0,1.0,1.0,1.0,0.10977911949157715
1047,1.0,1.0,1.0,1.0,1.0,0.09815144538879395
1048,1.0,1.0,1.0,1.0,1.0,0.10438323020935059
1049,1.0,1.0,1.0,1.0,1.0,0.09326934814453125
1050,1.0,0.5,0.5,1.0,0.6666666666666666,0.0932607650756836
1051,1.0,1.0,1.0,1.0,1.0,0.07358455657958984
1052,1.0,1.0,1.0,1.0,1.0,0.07954549789428711
1053,1.0,1.0,1.0,1.0,1.0,0.11139440536499023
1054,1.0,1.0,1.0,1.0,1.0,0.09763789176940918
1055,1.0,1.0,1.0,1.0,1.0,0.10439777374267578
1056,1.0,1.0,1.0,1.0,1.0,0.0763404369354248
1057,1.0,1.0,1.0,1.0,1.0,0.09072065353393555
1058,1.0,1.0,1.0,1.0,1.0,0.0789482593536377
1059,1.0,1.0,1.0,1.0,1.0,0.10250711441040039
1060,1.0,1.0,1.0,1.0,1.0,0.10278511047363281
1061,1.0,1.0,1.0,1.0,1.0,0.07687139511108398
1062,1.0,1.0,1.0,1.0,1.0,0.09119629859924316
1063,1.0,1.0,1.0,1.0,1.0,0.07952666282653809
1064,1.0,1.0,1.0,1.0,1.0,0.09504413604736328
1065,1.0,1.0,1.0,1.0,1.0,0.07913684844970703
1066,1.0,1.0,1.0,1.0,1.0,0.07692217826843262
1067,1.0,1.0,1.0,1.0,1.0,0.07914090156555176
1068,1.0,1.0,1.0,1.0,1.0,0.07924413681030273
1069,1.0,1.0,1.0,1.0,1.0,0.0794363021850586
1070,1.0,1.0,1.0,1.0,1.0,0.08210229873657227
1071,1.0,1.0,1.0,1.0,1.0,0.06983160972595215
1072,1.0,1.0,1.0,1.0,1.0,0.0792393684387207
1073,1.0,1.0,1.0,1.0,1.0,0.08014822006225586
1074,1.0,1.0,1.0,1.0,1.0,0.07932257652282715
1075,1.0,1.0,1.0,1.0,1.0,0.08296942710876465
1076,1.0,1.0,1.0,1.0,1.0,0.07871532440185547
1077,1.0,1.0,1.0,1.0,1.0,0.07915639877319336
1078,1.0,1.0,1.0,1.0,1.0,0.08534955978393555
1079,1.0,1.0,1.0,1.0,1.0,0.07950568199157715
1080,1.0,1.0,1.0,1.0,1.0,0.08245635032653809
1081,1.0,1.0,1.0,1.0,1.0,0.07697343826293945
1082,1.0,1.0,1.0,1.0,1.0,0.08226275444030762
1083,1.0,1.0,1.0,1.0,1.0,0.07926726341247559
1084,1.0,1.0,1.0,1.0,1.0,0.07864069938659668
1085,1.0,1.0,1.0,1.0,1.0,0.07903480529785156
1086,1.0,1.0,1.0,1.0,1.0,0.07932257652282715
1087,1.0,1.0,1.0,1.0,1.0,0.09535598754882812
1088,1.0,1.0,1.0,1.0,1.0,0.0903465747833252
1089,1.0,1.0,1.0,1.0,1.0,0.09267926216125488
1090,1.0,1.0,1.0,1.0,1.0,0.07904553413391113
1091,1.0,1.0,1.0,1.0,1.0,0.0849924087524414
1092,1.0,1.0,1.0,1.0,1.0,0.07746601104736328
1093,1.0,1.0,1.0,1.0,1.0,0.0804128646850586
1094,1.0,1.0,1.0,1.0,1.0,0.07907509803771973
1095,1.0,1.0,1.0,1.0,1.0,0.10542106628417969
1096,1.0,1.0,1.0,1.0,1.0,0.09640073776245117
1097,1.0,1.0,1.0,1.0,1.0,0.09297323226928711
1098,1.0,1.0,1.0,1.0,1.0,0.07729911804199219
1099,1.0,1.0,1.0,1.0,1.0,0.04697537422180176
1100,1.0,1.0,1.0,1.0,1.0,0.08719015121459961
1101,1.0,1.0,1.0,1.0,1.0,0.15538525581359863
1102,1.0,1.0,1.0,1.0,1.0,0.0948948860168457
1103,1.0,1.0,1.0,1.0,1.0,0.0902705192565918
1104,1.0,1.0,1.0,1.0,1.0,0.08339881896972656
1105,1.0,1.0,1.0,1.0,1.0,0.09230637550354004
1106,1.0,1.0,1.0,1.0,1.0,0.08124065399169922
1107,1.0,1.0,1.0,1.0,1.0,0.08323264122009277
1108,1.0,1.0,1.0,1.0,1.0,0.0762948989868164
1109,1.0,1.0,1.0,1.0,1.0,0.09732413291931152
1110,1.0,1.0,1.0,1.0,1.0,0.07641315460205078
1111,1.0,1.0,1.0,1.0,1.0,0.08335638046264648
1112,1.0,1.0,1.0,1.0,1.0,0.08322739601135254
1113,1.0,1.0,1.0,1.0,1.0,0.08338737487792969
1114,1.0,1.0,1.0,1.0,1.0,0.08340764045715332
1115,1.0,1.0,1.0,1.0,1.0,0.08327341079711914
1116,1.0,1.0,1.0,1.0,1.0,0.08330655097961426
1117,1.0,1.0,1.0,1.0,1.0,0.0903480052947998
1118,1.0,1.0,1.0,1.0,1.0,0.08334732055664062
1119,1.0,1.0,1.0,1.0,1.0,0.08330273628234863
1120,1.0,1.0,1.0,1.0,1.0,0.08328795433044434
1121,1.0,1.0,1.0,1.0,1.0,0.10406851768493652
1122,1.0,1.0,1.0,1.0,1.0,0.08308672904968262
1123,1.0,1.0,1.0,1.0,1.0,0.07673430442810059
1124,1.0,1.0,1.0,1.0,1.0,0.0830986499786377
1125,1.0,1.0,1.0,1.0,1.0,0.08429336547851562
1126,1.0,1.0,1.0,1.0,1.0,0.08239150047302246
1127,1.0,1.0,1.0,1.0,1.0,0.07176971435546875
1128,1.0,1.0,1.0,1.0,1.0,0.08785557746887207
1129,1.0,1.0,1.0,1.0,1.0,0.09145927429199219
1130,1.0,1.0,1.0,1.0,1.0,0.08231520652770996
1131,1.0,1.0,1.0,1.0,1.0,0.0822606086730957
1132,1.0,1.0,1.0,1.0,1.0,0.0642552375793457
1133,1.0,1.0,1.0,1.0,1.0,0.09023380279541016
1134,1.0,1.0,1.0,1.0,1.0,0.07538819313049316
1135,1.0,1.0,1.0,1.0,1.0,0.08429884910583496
1136,1.0,1.0,1.0,1.0,1.0,0.08272004127502441
1137,1.0,1.0,1.0,1.0,1.0,0.08378386497497559
1138,1.0,1.0,1.0,1.0,1.0,0.08279991149902344
1139,1.0,1.0,1.0,1.0,1.0,0.08289241790771484
1140,1.0,1.0,1.0,1.0,1.0,0.07827401161193848
1141,1.0,1.0,1.0,1.0,1.0,0.08558130264282227
1142,1.0,1.0,1.0,1.0,1.0,0.08033871650695801
1143,1.0,1.0,1.0,1.0,1.0,0.09054160118103027
1144,1.0,1.0,1.0,1.0,1.0,0.08304500579833984
1145,1.0,1.0,1.0,1.0,1.0,0.07637500762939453
1146,1.0,1.0,1.0,1.0,1.0,0.08325576782226562
1147,1.0,1.0,1.0,1.0,1.0,0.08455181121826172
1148,1.0,1.0,1.0,1.0,1.0,0.08177304267883301
1149,1.0,1.0,1.0,1.0,1.0,0.0912938117980957
1150,1.0,1.0,1.0,1.0,1.0,0.08482861518859863
1151,1.0,1.0,1.0,1.0,1.0,0.08213257789611816
1152,1.0,1.0,1.0,1.0,1.0,0.0886380672454834
1153,1.0,1.0,1.0,1.0,1.0,0.09156560897827148
1154,1.0,1.0,1.0,1.0,1.0,0.08408904075622559
1155,1.0,1.0,1.0,1.0,1.0,0.08139252662658691
1156,1.0,1.0,1.0,1.0,1.0,0.08353447914123535
1157,1.0,1.0,1.0,1.0,1.0,0.08799910545349121
1158,1.0,1.0,1.0,1.0,1.0,0.09089374542236328
1159,1.0,1.0,1.0,1.0,1.0,0.06682634353637695
1160,1.0,1.0,1.0,1.0,1.0,0.09845972061157227
1161,1.0,1.0,1.0,1.0,1.0,0.08691978454589844
1162,1.0,1.0,1.0,1.0,1.0,0.09022378921508789
1163,1.0,1.0,1.0,1.0,1.0,0.08382153511047363
1164,1.0,1.0,1.0,1.0,1.0,0.1107637882232666
1165,1.0,1.0,1.0,1.0,1.0,0.10700416564941406
1166,1.0,1.0,1.0,1.0,1.0,0.08237791061401367
1167,1.0,1.0,1.0,1.0,1.0,0.09659647941589355
1168,1.0,1.0,1.0,1.0,1.0,0.08288121223449707
1169,1.0,1.0,1.0,1.0,1.0,0.09745359420776367
1170,1.0,1.0,1.0,1.0,1.0,0.1232295036315918
1171,1.0,1.0,1.0,1.0,1.0,0.08681178092956543
1172,1.0,1.0,1.0,1.0,1.0,0.09116435050964355
1173,1.0,1.0,1.0,1.0,1.0,0.08201956748962402
1174,1.0,1.0,1.0,1.0,1.0,0.08939266204833984
1175,1.0,1.0,1.0,1.0,1.0,0.08367538452148438
1176,1.0,1.0,1.0,1.0,1.0,0.09718775749206543
1177,1.0,1.0,1.0,1.0,1.0,0.10516119003295898
1178,1.0,1.0,1.0,1.0,1.0,0.08970952033996582
1179,1.0,1.0,1.0,1.0,1.0,0.08742070198059082
1180,1.0,1.0,1.0,1.0,1.0,0.08340978622436523
1181,1.0,1.0,1.0,1.0,1.0,0.10395503044128418
1182,1.0,1.0,1.0,1.0,1.0,0.1206064224243164
1183,1.0,1.0,1.0,1.0,1.0,0.10165524482727051
1184,1.0,1.0,1.0,1.0,1.0,0.08350777626037598
1185,1.0,1.0,1.0,1.0,1.0,0.09458684921264648
1186,1.0,1.0,1.0,1.0,1.0,0.09372401237487793
1187,1.0,1.0,1.0,1.0,1.0,0.07834339141845703
1188,1.0,1.0,1.0,1.0,1.0,0.07982325553894043
1189,1.0,1.0,1.0,1.0,1.0,0.09082484245300293
1190,1.0,1.0,1.0,1.0,1.0,0.08336687088012695
1191,1.0,1.0,1.0,1.0,1.0,0.07670855522155762
1192,1.0,1.0,1.0,1.0,1.0,0.08298683166503906
1193,1.0,1.0,1.0,1.0,1.0,0.09958219528198242
1194,1.0,1.0,1.0,1.0,1.0,0.10875201225280762
1195,1.0,1.0,1.0,1.0,1.0,0.09941434860229492
1196,1.0,1.0,1.0,1.0,1.0,0.10427045822143555
1197,1.0,1.0,1.0,1.0,1.0,0.10886144638061523
1198,1.0,1.0,1.0,1.0,1.0,0.11800074577331543
1199,1.0,1.0,1.0,1.0,1.0,0.1569674015045166
1200,1.0,1.0,1.0,1.0,1.0,0.090667724609375
1201,1.0,1.0,1.0,1.0,1.0,0.09323859214782715
1202,1.0,1.0,1.0,1.0,1.0,0.0677335262298584
1203,1.0,1.0,1.0,1.0,1.0,0.1118314266204834
1204,1.0,1.0,1.0,1.0,1.0,0.09342169761657715
1205,1.0,1.0,1.0,1.0,1.0,0.08973026275634766
1206,1.0,1.0,1.0,1.0,1.0,0.06727075576782227
1207,1.0,1.0,1.0,1.0,1.0,0.07974028587341309
1208,1.0,1.0,1.0,1.0,1.0,0.10018348693847656
1209,1.0,1.0,1.0,1.0,1.0,0.10983681678771973
1210,1.0,1.0,1.0,1.0,1.0,0.09783530235290527
1211,1.0,1.0,1.0,1.0,1.0,0.07949090003967285
1212,1.0,1.0,1.0,1.0,1.0,0.09341812133789062
1213,1.0,1.0,1.0,1.0,1.0,0.09798741340637207
1214,1.0,1.0,1.0,1.0,1.0,0.10973501205444336
1215,1.0,1.0,1.0,1.0,1.0,0.08844375610351562
1216,1.0,1.0,1.0,1.0,1.0,0.07930517196655273
1217,1.0,1.0,1.0,1.0,1.0,0.10423541069030762
1218,1.0,1.0,1.0,1.0,1.0,0.07265162467956543
1219,1.0,1.0,1.0,1.0,1.0,0.07455611228942871
1220,1.0,1.0,1.0,1.0,1.0,0.08020401000976562
1221,1.0,1.0,1.0,1.0,1.0,0.07929563522338867
1222,1.0,1.0,1.0,1.0,1.0,0.07936334609985352
1223,1.0,1.0,1.0,1.0,1.0,0.07947039604187012
1224,1.0,1.0,1.0,1.0,1.0,0.07944345474243164
1225,1.0,1.0,1.0,1.0,1.0,0.12104988098144531
1226,1.0,1.0,1.0,1.0,1.0,0.15503454208374023
1227,1.0,1.0,1.0,1.0,1.0,0.17646121978759766
1228,1.0,1.0,1.0,1.0,1.0,0.24803996086120605
1229,1.0,1.0,1.0,1.0,1.0,0.10041952133178711
1230,1.0,1.0,1.0,1.0,1.0,0.15087175369262695
1231,1.0,1.0,1.0,1.0,1.0,0.11652326583862305
1232,1.0,1.0,1.0,1.0,1.0,0.14239025115966797
1233,1.0,1.0,1.0,1.0,1.0,0.07790398597717285
1234,1.0,1.0,1.0,1.0,1.0,0.1420755386352539
1235,1.0,1.0,1.0,1.0,1.0,0.20639324188232422
1236,1.0,1.0,1.0,1.0,1.0,0.17045116424560547
1237,1.0,1.0,1.0,1.0,1.0,0.12046575546264648
1238,1.0,1.0,1.0,1.0,1.0,0.12735629081726074
1239,1.0,1.0,1.0,1.0,1.0,0.1421523094177246
1240,1.0,1.0,1.0,1.0,1.0,0.10563182830810547
1241,1.0,1.0,1.0,1.0,1.0,0.10942411422729492
1242,1.0,1.0,1.0,1.0,1.0,0.10940790176391602
1243,1.0,1.0,1.0,1.0,1.0,0.12633633613586426
1244,1.0,1.0,1.0,1.0,1.0,0.11092638969421387
1245,1.0,1.0,1.0,1.0,1.0,0.09517526626586914
1246,1.0,1.0,1.0,1.0,1.0,0.087127685546875
1247,1.0,1.0,1.0,1.0,1.0,0.10222554206848145
1248,1.0,1.0,1.0,1.0,1.0,0.06473612785339355
1249,1.0,1.0,1.0,1.0,1.0,0.08017563819885254
1250,1.0,1.0,1.0,1.0,1.0,0.09472131729125977
1251,1.0,1.0,1.0,1.0,1.0,0.0958707332611084
1252,1.0,1.0,1.0,1.0,1.0,0.07913613319396973
1253,1.0,1.0,1.0,1.0,1.0,0.07972025871276855
1254,1.0,1.0,1.0,1.0,1.0,0.09544563293457031
1255,1.0,1.0,1.0,1.0,1.0,0.09524917602539062
1256,1.0,1.0,1.0,1.0,1.0,0.09727001190185547
1257,1.0,1.0,1.0,1.0,1.0,0.07981181144714355
1258,1.0,1.0,1.0,1.0,1.0,0.07702493667602539
1259,1.0,1.0,1.0,1.0,1.0,0.07975625991821289
1260,1.0,1.0,1.0,1.0,1.0,0.07940292358398438
1261,1.0,1.0,1.0,1.0,1.0,0.07937121391296387
1262,1.0,1.0,1.0,1.0,1.0,0.07948112487792969
1263,1.0,1.0,1.0,1.0,1.0,0.07250642776489258
1264,1.0,1.0,1.0,1.0,1.0,0.07949209213256836
1265,1.0,1.0,1.0,1.0,1.0,0.07964515686035156
1266,1.0,1.0,1.0,1.0,1.0,0.07940268516540527
1267,1.0,1.0,1.0,1.0,1.0,0.07950353622436523
1268,1.0,1.0,1.0,1.0,1.0,0.07951831817626953
1269,1.0,1.0,1.0,1.0,1.0,0.09550595283508301
1270,1.0,1.0,1.0,1.0,1.0,0.09585738182067871
1271,1.0,1.0,1.0,1.0,1.0,0.08844923973083496
1272,1.0,1.0,1.0,1.0,1.0,0.08569192886352539
1273,1.0,1.0,1.0,1.0,1.0,0.09646868705749512
1274,1.0,1.0,1.0,1.0,1.0,0.0796821117401123
1275,1.0,1.0,1.0,1.0,1.0,0.07999682426452637
1276,1.0,1.0,1.0,1.0,1.0,0.07997632026672363
1277,1.0,1.0,1.0,1.0,1.0,0.09269189834594727
1278,1.0,1.0,1.0,1.0,1.0,0.11452269554138184
1279,1.0,1.0,1.0,1.0,1.0,0.13199520111083984
1280,1.0,1.0,1.0,1.0,1.0,0.10042500495910645
1281,1.0,1.0,1.0,1.0,1.0,0.10597419738769531
1282,1.0,1.0,1.0,1.0,1.0,0.10112500190734863
1283,1.0,1.0,1.0,1.0,1.0,0.11649441719055176
1284,1.0,1.0,1.0,1.0,1.0,0.10334515571594238
1285,1.0,1.0,1.0,1.0,1.0,0.13458704948425293
1286,1.0,1.0,1.0,1.0,1.0,0.08990335464477539
1287,1.0,1.0,1.0,1.0,1.0,0.1359117031097412
1288,1.0,1.0,1.0,1.0,1.0,0.1293163299560547
1289,1.0,1.0,1.0,1.0,1.0,0.103759765625
1290,1.0,1.0,1.0,1.0,1.0,0.12722349166870117
1291,1.0,1.0,1.0,1.0,1.0,0.10408449172973633
1292,1.0,1.0,1.0,1.0,1.0,0.10310983657836914
1293,1.0,1.0,1.0,1.0,1.0,0.1467273235321045
1294,1.0,1.0,1.0,1.0,1.0,0.14333510398864746
1295,1.0,1.0,1.0,1.0,1.0,0.14218401908874512
1296,1.0,1.0,1.0,1.0,1.0,0.08600306510925293
1297,1.0,1.0,1.0,1.0,1.0,0.08417701721191406
1298,1.0,1.0,1.0,1.0,1.0,0.12062835693359375
1299,1.0,1.0,1.0,1.0,1.0,0.1072993278503418
1300,1.0,1.0,1.0,1.0,1.0,0.10454487800598145
1301,1.0,1.0,1.0,1.0,1.0,0.11648774147033691
1302,1.0,1.0,1.0,1.0,1.0,0.09669280052185059
1303,1.0,1.0,1.0,1.0,1.0,0.10319304466247559
1304,1.0,1.0,1.0,1.0,1.0,0.09950017929077148
1305,1.0,1.0,1.0,1.0,1.0,0.1070089340209961
1306,1.0,1.0,1.0,1.0,1.0,0.09089994430541992
1307,1.0,1.0,1.0,1.0,1.0,0.09258270263671875
1308,1.0,1.0,1.0,1.0,1.0,0.0781404972076416
1309,1.0,1.0,1.0,1.0,1.0,0.07112717628479004
1310,1.0,1.0,1.0,1.0,1.0,0.07916617393493652
1311,1.0,1.0,1.0,1.0,1.0,0.08749103546142578
1312,1.0,1.0,1.0,1.0,1.0,0.08386516571044922
1313,1.0,1.0,1.0,1.0,1.0,0.09358882904052734
1314,1.0,1.0,1.0,1.0,1.0,0.08424139022827148
1315,1.0,1.0,1.0,1.0,1.0,0.0793607234954834
1316,1.0,1.0,1.0,1.0,1.0,0.0800175666809082
1317,1.0,1.0,1.0,1.0,1.0,0.09256505966186523
1318,1.0,1.0,1.0,1.0,1.0,0.08057188987731934
1319,1.0,1.0,1.0,1.0,1.0,0.08314847946166992
1320,1.0,1.0,1.0,1.0,1.0,0.07480788230895996
1321,1.0,1.0,1.0,1.0,1.0,0.07847356796264648
1322,1.0,1.0,1.0,1.0,1.0,0.09338164329528809
1323,1.0,1.0,1.0,1.0,1.0,0.0715341567993164
1324,1.0,1.0,1.0,1.0,1.0,0.09160256385803223
1325,1.0,1.0,1.0,1.0,1.0,0.08007097244262695
1326,1.0,1.0,1.0,1.0,1.0,0.09883332252502441
1327,1.0,1.0,1.0,1.0,1.0,0.07488155364990234
1328,1.0,1.0,1.0,1.0,1.0,0.08769536018371582
1329,1.0,1.0,1.0,1.0,1.0,0.08710122108459473
1330,1.0,1.0,1.0,1.0,1.0,0.11184358596801758
1331,1.0,1.0,1.0,1.0,1.0,0.0933678150177002
1332,1.0,1.0,1.0,1.0,1.0,0.09524893760681152
1333,1.0,1.0,1.0,1.0,1.0,0.10175013542175293
1334,1.0,1.0,1.0,1.0,1.0,0.08889174461364746
1335,1.0,1.0,1.0,1.0,1.0,0.0961449146270752
1336,1.0,1.0,1.0,1.0,1.0,0.08344769477844238
1337,1.0,1.0,1.0,1.0,1.0,0.07500743865966797
1338,1.0,1.0,1.0,1.0,1.0,0.1117393970489502
1339,1.0,1.0,1.0,1.0,1.0,0.08169937133789062
1340,1.0,0.5,0.5,1.0,0.6666666666666666,0.07746458053588867
1341,1.0,1.0,1.0,1.0,1.0,0.09610843658447266
1342,1.0,1.0,1.0,1.0,1.0,0.0793759822845459
1343,1.0,1.0,1.0,1.0,1.0,0.09194016456604004
1344,1.0,1.0,1.0,1.0,1.0,0.06846237182617188
1345,1.0,1.0,1.0,1.0,1.0,0.07985496520996094
1346,1.0,1.0,1.0,1.0,1.0,0.07966065406799316
1347,1.0,1.0,1.0,1.0,1.0,0.08005404472351074
1348,1.0,1.0,1.0,1.0,1.0,0.09327149391174316
1349,1.0,1.0,1.0,1.0,1.0,0.06657600402832031
1350,1.0,1.0,1.0,1.0,1.0,0.0947420597076416
1351,1.0,1.0,1.0,1.0,1.0,0.08005619049072266
1352,1.0,1.0,1.0,1.0,1.0,0.11210298538208008
1353,1.0,1.0,1.0,1.0,1.0,0.07973766326904297
1354,1.0,1.0,1.0,1.0,1.0,0.11173534393310547
1355,1.0,1.0,1.0,1.0,1.0,0.0958709716796875
1356,1.0,1.0,1.0,1.0,1.0,0.09513068199157715
1357,1.0,1.0,1.0,1.0,1.0,0.07982754707336426
1358,1.0,1.0,1.0,1.0,1.0,0.10113024711608887
1359,1.0,1.0,1.0,1.0,1.0,0.08475756645202637
1360,1.0,1.0,1.0,1.0,1.0,0.08542132377624512
1361,1.0,1.0,1.0,1.0,1.0,0.09576630592346191
1362,1.0,1.0,1.0,1.0,1.0,0.09515929222106934
1363,1.0,1.0,1.0,1.0,1.0,0.09691715240478516
1364,1.0,1.0,1.0,1.0,1.0,0.09489297866821289
1365,1.0,1.0,1.0,1.0,1.0,0.09546017646789551
1366,1.0,1.0,1.0,1.0,1.0,0.09595513343811035
1367,1.0,1.0,1.0,1.0,1.0,0.0960392951965332
1368,1.0,1.0,1.0,1.0,1.0,0.07991576194763184
1369,1.0,1.0,1.0,1.0,1.0,0.09521174430847168
1370,1.0,1.0,1.0,1.0,1.0,0.09556412696838379
1371,1.0,1.0,1.0,1.0,1.0,0.08421468734741211
1372,1.0,1.0,1.0,1.0,1.0,0.09983491897583008
1373,1.0,1.0,1.0,1.0,1.0,0.08701491355895996
1374,1.0,1.0,1.0,1.0,1.0,0.07974982261657715
1375,1.0,1.0,1.0,1.0,1.0,0.0962522029876709
1376,1.0,1.0,1.0,1.0,1.0,0.07940983772277832
1377,1.0,1.0,1.0,1.0,1.0,0.0950326919555664
1378,1.0,1.0,1.0,1.0,1.0,0.12721824645996094
1379,1.0,1.0,1.0,1.0,1.0,0.09722089767456055
1380,1.0,1.0,1.0,1.0,1.0,0.09344100952148438
1381,1.0,1.0,1.0,1.0,1.0,0.07921123504638672
1382,1.0,1.0,1.0,1.0,1.0,0.11213231086730957
1383,1.0,1.0,1.0,1.0,1.0,0.10090994834899902
1384,1.0,1.0,1.0,1.0,1.0,0.17410755157470703
1385,1.0,1.0,1.0,1.0,1.0,0.12025141716003418
1386,1.0,1.0,1.0,1.0,1.0,0.17612433433532715
1387,1.0,1.0,1.0,1.0,1.0,0.22326970100402832
1388,1.0,1.0,1.0,1.0,1.0,0.11205363273620605
1389,1.0,1.0,1.0,1.0,1.0,0.11126446723937988
1390,1.0,1.0,1.0,1.0,1.0,0.09460616111755371
1391,1.0,1.0,1.0,1.0,1.0,0.09553360939025879
1392,1.0,1.0,1.0,1.0,1.0,0.07907271385192871
1393,1.0,1.0,1.0,1.0,1.0,0.09639716148376465
1394,1.0,1.0,1.0,1.0,1.0,0.09547114372253418
1395,1.0,1.0,1.0,1.0,1.0,0.0799560546875
1396,1.0,1.0,1.0,1.0,1.0,0.09602952003479004
1397,1.0,1.0,1.0,1.0,1.0,0.07927775382995605
1398,1.0,1.0,1.0,1.0,1.0,0.10111355781555176
1399,1.0,1.0,1.0,1.0,1.0,0.08904790878295898
1400,1.0,1.0,1.0,1.0,1.0,0.08130860328674316
1401,1.0,1.0,1.0,1.0,1.0,0.07789325714111328
1402,1.0,1.0,1.0,1.0,1.0,0.09603595733642578
1403,1.0,1.0,1.0,1.0,1.0,0.09582400321960449
1404,1.0,1.0,1.0,1.0,1.0,0.1108088493347168
1405,1.0,1.0,1.0,1.0,1.0,0.12780547142028809
1406,1.0,1.0,1.0,1.0,1.0,0.11117434501647949
1407,1.0,1.0,1.0,1.0,1.0,0.11724662780761719
1408,1.0,1.0,1.0,1.0,1.0,0.10664057731628418
1409,1.0,1.0,1.0,1.0,1.0,0.12903428077697754
1410,1.0,1.0,1.0,1.0,1.0,0.09489703178405762
1411,1.0,1.0,1.0,1.0,1.0,0.09576582908630371
1412,1.0,1.0,1.0,1.0,1.0,0.07951498031616211
1413,1.0,1.0,1.0,1.0,1.0,0.09572982788085938
1414,1.0,1.0,1.0,1.0,1.0,0.09103941917419434
1415,1.0,1.0,1.0,1.0,1.0,0.091522216796875
1416,1.0,1.0,1.0,1.0,1.0,0.0657200813293457
1417,1.0,1.0,1.0,1.0,1.0,0.08589982986450195
1418,1.0,1.0,1.0,1.0,1.0,0.06389164924621582
1419,1.0,1.0,1.0,1.0,1.0,0.08955526351928711
1420,1.0,1.0,1.0,1.0,1.0,0.06409931182861328
1421,1.0,1.0,1.0,1.0,1.0,0.04968428611755371
1422,1.0,1.0,1.0,1.0,1.0,0.049361467361450195
1423,1.0,1.0,1.0,1.0,1.0,0.04951834678649902
1424,1.0,1.0,1.0,1.0,1.0,0.03259921073913574
1425,1.0,1.0,1.0,1.0,1.0,0.06572175025939941
1426,1.0,1.0,1.0,1.0,1.0,0.056539297103881836
1427,1.0,1.0,1.0,1.0,1.0,0.06451225280761719
1428,1.0,1.0,1.0,1.0,1.0,0.051970720291137695
1429,1.0,1.0,1.0,1.0,1.0,0.0674748420715332
1430,1.0,1.0,1.0,1.0,1.0,0.07874298095703125
1431,1.0,1.0,1.0,1.0,1.0,0.04956650733947754
1432,1.0,1.0,1.0,1.0,1.0,0.04829573631286621
1433,1.0,1.0,1.0,1.0,1.0,0.04872941970825195
1434,1.0,1.0,1.0,1.0,1.0,0.04077625274658203
1435,1.0,1.0,1.0,1.0,1.0,0.05146288871765137
1436,1.0,1.0,1.0,1.0,1.0,0.03102588653564453
1437,1.0,1.0,1.0,1.0,1.0,0.02638387680053711
1438,1.0,1.0,1.0,1.0,1.0,0.03906369209289551
1439,1.0,1.0,1.0,1.0,1.0,0.03264188766479492
1440,1.0,1.0,1.0,1.0,1.0,0.05805349349975586
1441,1.0,1.0,1.0,1.0,1.0,0.05812501907348633
1442,1.0,1.0,1.0,1.0,1.0,0.04079866409301758
1443,1.0,1.0,1.0,1.0,1.0,0.030530452728271484
1444,1.0,1.0,1.0,1.0,1.0,0.035079240798950195
1445,1.0,1.0,1.0,1.0,1.0,0.0267941951751709
1446,1.0,1.0,1.0,1.0,1.0,0.02421736717224121
1447,1.0,1.0,1.0,1.0,1.0,0.028532981872558594
1448,1.0,1.0,1.0,1.0,1.0,0.024900197982788086
1449,1.0,1.0,1.0,1.0,1.0,0.023977041244506836
1450,1.0,1.0,1.0,1.0,1.0,0.02482891082763672
1451,1.0,1.0,1.0,1.0,1.0,0.02244281768798828
1452,1.0,1.0,1.0,1.0,1.0,0.02722024917602539
1453,1.0,1.0,1.0,1.0,1.0,0.032611846923828125
1454,1.0,1.0,1.0,1.0,1.0,0.04108309745788574
1455,1.0,1.0,1.0,1.0,1.0,0.03479933738708496
1456,1.0,1.0,1.0,1.0,1.0,0.022764921188354492
1457,1.0,1.0,1.0,1.0,1.0,0.031174898147583008
1458,1.0,1.0,1.0,1.0,1.0,0.02719569206237793
1459,1.0,1.0,1.0,1.0,1.0,0.024990081787109375
1460,1.0,1.0,1.0,1.0,1.0,0.030759334564208984
1461,1.0,1.0,1.0,1.0,1.0,0.02687358856201172
1462,1.0,1.0,1.0,1.0,1.0,0.025344133377075195
1463,1.0,1.0,1.0,1.0,1.0,0.022850990295410156
1464,1.0,1.0,1.0,1.0,1.0,0.0185239315032959
1465,1.0,1.0,1.0,1.0,1.0,0.032944679260253906
1466,1.0,1.0,1.0,1.0,1.0,0.0323793888092041
1467,1.0,1.0,1.0,1.0,1.0,0.016182661056518555
1468,1.0,1.0,1.0,1.0,1.0,0.02661752700805664
1469,1.0,1.0,1.0,1.0,1.0,0.02294301986694336
1470,1.0,1.0,1.0,1.0,1.0,0.0238497257232666
1471,1.0,1.0,1.0,1.0,1.0,0.02485346794128418
1472,1.0,1.0,1.0,1.0,1.0,0.024486541748046875
1473,1.0,1.0,1.0,1.0,1.0,0.024363279342651367
1474,1.0,1.0,1.0,1.0,1.0,0.02034926414489746
1475,1.0,1.0,1.0,1.0,1.0,0.020967483520507812
1476,1.0,1.0,1.0,1.0,1.0,0.025068283081054688
1477,1.0,1.0,1.0,1.0,1.0,0.030820846557617188
1478,1.0,1.0,1.0,1.0,1.0,0.02523016929626465
1479,1.0,1.0,1.0,1.0,1.0,0.02200007438659668
1480,1.0,1.0,1.0,1.0,1.0,0.0281982421875
1481,1.0,1.0,1.0,1.0,1.0,0.02446293830871582
1482,1.0,1.0,1.0,1.0,1.0,0.033614158630371094
1483,1.0,1.0,1.0,1.0,1.0,0.026589632034301758
1484,1.0,1.0,1.0,1.0,1.0,0.02247166633605957
1485,1.0,1.0,1.0,1.0,1.0,0.024549007415771484
1486,1.0,1.0,1.0,1.0,1.0,0.034857749938964844
1487,1.0,1.0,1.0,1.0,1.0,0.023899555206298828
1488,1.0,1.0,1.0,1.0,1.0,0.025921344757080078
1489,1.0,1.0,1.0,1.0,1.0,0.02214980125427246
1490,1.0,1.0,1.0,1.0,1.0,0.025037765502929688
1491,1.0,1.0,1.0,1.0,1.0,0.022598743438720703
1492,1.0,1.0,1.0,1.0,1.0,0.027304410934448242
1493,1.0,1.0,1.0,1.0,1.0,0.027603626251220703
1494,1.0,1.0,1.0,1.0,1.0,0.02041912078857422
1495,1.0,1.0,1.0,1.0,1.0,0.024660110473632812
1496,1.0,1.0,1.0,1.0,1.0,0.02693915367126465
1497,1.0,1.0,1.0,1.0,1.0,0.038175344467163086
1498,1.0,1.0,1.0,1.0,1.0,0.033423662185668945
1499,1.0,1.0,1.0,1.0,1.0,0.02441263198852539
1500,1.0,1.0,1.0,1.0,1.0,0.016767501831054688
1501,1.0,1.0,1.0,1.0,1.0,0.033232688903808594
1502,1.0,1.0,1.0,1.0,1.0,0.016228437423706055
1503,1.0,1.0,1.0,1.0,1.0,0.02477860450744629
1504,1.0,1.0,1.0,1.0,1.0,0.01692652702331543
1505,1.0,1.0,1.0,1.0,1.0,0.024846315383911133
1506,1.0,1.0,1.0,1.0,1.0,0.032928466796875
1507,1.0,1.0,1.0,1.0,1.0,0.024132966995239258
1508,1.0,1.0,1.0,1.0,1.0,0.019475936889648438
1509,1.0,1.0,1.0,1.0,1.0,0.02208399772644043
1510,1.0,1.0,1.0,1.0,1.0,0.02510857582092285
1511,1.0,1.0,1.0,1.0,1.0,0.041397809982299805
1512,1.0,1.0,1.0,1.0,1.0,0.043793678283691406
1513,1.0,1.0,1.0,1.0,1.0,0.05235910415649414
1514,1.0,1.0,1.0,1.0,1.0,0.03412747383117676
1515,1.0,1.0,1.0,1.0,1.0,0.0331721305847168
1516,1.0,1.0,1.0,1.0,1.0,0.08358573913574219
1517,1.0,1.0,1.0,1.0,1.0,0.05024385452270508
1518,1.0,1.0,1.0,1.0,1.0,0.16875457763671875
1519,1.0,1.0,1.0,1.0,1.0,0.11474418640136719
1520,1.0,1.0,1.0,1.0,1.0,0.08899831771850586
1521,1.0,1.0,1.0,1.0,1.0,0.17449140548706055
1522,1.0,1.0,1.0,1.0,1.0,0.08922123908996582
1523,1.0,1.0,1.0,1.0,1.0,0.10399842262268066
1524,1.0,1.0,1.0,1.0,1.0,0.10408639907836914
1525,1.0,1.0,1.0,1.0,1.0,0.07609701156616211
1526,1.0,1.0,1.0,1.0,1.0,0.12490606307983398
1527,1.0,1.0,1.0,1.0,1.0,0.09303140640258789
1528,1.0,1.0,1.0,1.0,1.0,0.09087252616882324
1529,1.0,1.0,1.0,1.0,1.0,0.11344385147094727
1530,1.0,1.0,1.0,1.0,1.0,0.0965886116027832
1531,1.0,1.0,1.0,1.0,1.0,0.10302352905273438
1532,1.0,1.0,1.0,1.0,1.0,0.11022138595581055
1533,1.0,1.0,1.0,1.0,1.0,0.08756852149963379
1534,1.0,1.0,1.0,1.0,1.0,0.07715630531311035
1535,1.0,1.0,1.0,1.0,1.0,0.0944366455078125
1536,1.0,1.0,1.0,1.0,1.0,0.08123993873596191
1537,1.0,1.0,1.0,1.0,1.0,0.09138226509094238
1538,1.0,1.0,1.0,1.0,1.0,0.09150242805480957
1539,1.0,1.0,1.0,1.0,1.0,0.09328031539916992
1540,1.0,1.0,1.0,1.0,1.0,0.08407187461853027
1541,1.0,1.0,1.0,1.0,1.0,0.0942544937133789
1542,1.0,1.0,1.0,1.0,1.0,0.10924100875854492
1543,1.0,1.0,1.0,1.0,1.0,0.09106755256652832
1544,1.0,1.0,1.0,1.0,1.0,0.09638166427612305
1545,1.0,1.0,1.0,1.0,1.0,0.09781980514526367
1546,1.0,1.0,1.0,1.0,1.0,0.14519047737121582
1547,1.0,1.0,1.0,1.0,1.0,0.14940261840820312
1548,1.0,1.0,1.0,1.0,1.0,0.10471034049987793
1549,1.0,1.0,1.0,1.0,1.0,0.1257631778717041
1550,1.0,1.0,1.0,1.0,1.0,0.07027506828308105
1551,1.0,1.0,1.0,1.0,1.0,0.08548164367675781
1552,1.0,1.0,1.0,1.0,1.0,0.0982060432434082
1553,1.0,1.0,1.0,1.0,1.0,0.08956027030944824
1554,1.0,1.0,1.0,1.0,1.0,0.10784387588500977
1555,1.0,1.0,1.0,1.0,1.0,0.1278390884399414
1556,1.0,1.0,1.0,1.0,1.0,0.12295413017272949
1557,1.0,1.0,1.0,1.0,1.0,0.14145135879516602
1558,1.0,1.0,1.0,1.0,1.0,0.13239169120788574
1559,1.0,1.0,1.0,1.0,1.0,0.13875818252563477
1560,1.0,1.0,1.0,1.0,1.0,0.14559102058410645
1561,1.0,1.0,1.0,1.0,1.0,0.15381622314453125
1562,1.0,1.0,1.0,1.0,1.0,0.14743280410766602
1563,1.0,1.0,1.0,1.0,1.0,0.12194561958312988
1564,1.0,1.0,1.0,1.0,1.0,0.11733198165893555
1565,1.0,1.0,1.0,1.0,1.0,0.095916748046875
1566,1.0,1.0,1.0,1.0,1.0,0.11112475395202637
1567,1.0,1.0,1.0,1.0,1.0,0.12633800506591797
1568,1.0,1.0,1.0,1.0,1.0,0.11008429527282715
1569,1.0,1.0,1.0,1.0,1.0,0.1174325942993164
1570,1.0,1.0,1.0,1.0,1.0,0.10444831848144531
1571,1.0,1.0,1.0,1.0,1.0,0.09797835350036621
1572,1.0,1.0,1.0,1.0,1.0,0.08220863342285156
1573,1.0,1.0,1.0,1.0,1.0,0.08454442024230957
1574,1.0,1.0,1.0,1.0,1.0,0.09450101852416992
1575,1.0,1.0,1.0,1.0,1.0,0.11826610565185547
1576,1.0,1.0,1.0,1.0,1.0,0.1384141445159912
1577,1.0,1.0,1.0,1.0,1.0,0.18532848358154297
1578,1.0,1.0,1.0,1.0,1.0,0.10860276222229004
1579,1.0,1.0,1.0,1.0,1.0,0.11387872695922852
1580,1.0,1.0,1.0,1.0,1.0,0.2558166980743408
1581,1.0,1.0,1.0,1.0,1.0,0.24409914016723633
1582,1.0,1.0,1.0,1.0,1.0,0.1552121639251709
1583,1.0,1.0,1.0,1.0,1.0,0.08975386619567871
1584,1.0,1.0,1.0,1.0,1.0,0.08647632598876953
1585,1.0,1.0,1.0,1.0,1.0,0.08652400970458984
1586,1.0,1.0,1.0,1.0,1.0,0.09129095077514648
1587,1.0,1.0,1.0,1.0,1.0,0.1393423080444336
1588,1.0,1.0,1.0,1.0,1.0,0.22170042991638184
1589,1.0,1.0,1.0,1.0,1.0,0.16974663734436035
1590,1.0,1.0,1.0,1.0,1.0,0.1809840202331543
1591,1.0,1.0,1.0,1.0,1.0,0.16507220268249512
1592,1.0,1.0,1.0,1.0,1.0,0.1877422332763672
1593,1.0,1.0,1.0,1.0,1.0,0.18743634223937988
1594,1.0,1.0,1.0,1.0,1.0,0.22215747833251953
1595,1.0,1.0,1.0,1.0,1.0,0.09036421775817871
1596,1.0,1.0,1.0,1.0,1.0,0.15190696716308594
1597,1.0,1.0,1.0,1.0,1.0,0.11132049560546875
1598,1.0,1.0,1.0,1.0,1.0,0.19324660301208496
1599,1.0,1.0,1.0,1.0,1.0,0.12503361701965332
1600,1.0,1.0,1.0,1.0,1.0,0.13698220252990723
1601,1.0,1.0,1.0,1.0,1.0,0.11814069747924805
1602,1.0,1.0,1.0,1.0,1.0,0.14952874183654785
1603,1.0,1.0,1.0,1.0,1.0,0.12462449073791504
1604,1.0,1.0,1.0,1.0,1.0,0.12364554405212402
1605,1.0,1.0,1.0,1.0,1.0,0.11950230598449707
1606,1.0,1.0,1.0,1.0,1.0,0.1115868091583252
1607,1.0,1.0,1.0,1.0,1.0,0.11885213851928711
1608,1.0,1.0,1.0,1.0,1.0,0.15090084075927734
1609,1.0,1.0,1.0,1.0,1.0,0.11557173728942871
1610,1.0,1.0,1.0,1.0,1.0,0.11058807373046875
1611,1.0,1.0,1.0,1.0,1.0,0.12854433059692383
1612,1.0,1.0,1.0,1.0,1.0,0.15245556831359863
1613,1.0,1.0,1.0,1.0,1.0,0.12508296966552734
1614,1.0,1.0,1.0,1.0,1.0,0.1318960189819336
1615,1.0,1.0,1.0,1.0,1.0,0.11791634559631348
1616,1.0,1.0,1.0,1.0,1.0,0.1159968376159668
1617,1.0,1.0,1.0,1.0,1.0,0.10130715370178223
1618,1.0,1.0,1.0,1.0,1.0,0.18587708473205566
1619,1.0,1.0,1.0,1.0,1.0,0.17486095428466797
1620,1.0,1.0,1.0,1.0,1.0,0.16487431526184082
1621,1.0,1.0,1.0,1.0,1.0,0.13437795639038086
1622,1.0,1.0,1.0,1.0,1.0,0.16076922416687012
1623,1.0,1.0,1.0,1.0,1.0,0.11516928672790527
1624,1.0,1.0,1.0,1.0,1.0,0.12463641166687012
1625,1.0,1.0,1.0,1.0,1.0,0.12682747840881348
1626,1.0,1.0,1.0,1.0,1.0,0.14463090896606445
1627,1.0,1.0,1.0,1.0,1.0,0.12726068496704102
1628,1.0,1.0,1.0,1.0,1.0,0.18169355392456055
1629,1.0,1.0,1.0,1.0,1.0,0.13150238990783691
1630,1.0,1.0,1.0,1.0,1.0,0.12427830696105957
1631,1.0,1.0,1.0,1.0,1.0,0.10830402374267578
1632,1.0,1.0,1.0,1.0,1.0,0.1011354923248291
1633,1.0,1.0,1.0,1.0,1.0,0.10547709465026855
1634,1.0,1.0,1.0,1.0,1.0,0.1295013427734375
1635,1.0,1.0,1.0,1.0,1.0,0.1627650260925293
1636,1.0,1.0,1.0,1.0,1.0,0.1233053207397461
1637,1.0,1.0,1.0,1.0,1.0,0.13311409950256348
1638,1.0,1.0,1.0,1.0,1.0,0.17847585678100586
1639,1.0,1.0,1.0,1.0,1.0,0.1251516342163086
1640,1.0,1.0,1.0,1.0,1.0,0.1380143165588379
1641,1.0,1.0,1.0,1.0,1.0,0.09620881080627441
1642,1.0,1.0,1.0,1.0,1.0,0.1041874885559082
1643,1.0,1.0,1.0,1.0,1.0,0.09603548049926758
1644,1.0,1.0,1.0,1.0,1.0,0.08507275581359863
1645,1.0,1.0,1.0,1.0,1.0,0.09858965873718262
1646,1.0,1.0,1.0,1.0,1.0,0.10798192024230957
1647,1.0,1.0,1.0,1.0,1.0,0.10900473594665527
1648,1.0,1.0,1.0,1.0,1.0,0.11839127540588379
1649,1.0,1.0,1.0,1.0,1.0,0.11864161491394043
1650,1.0,1.0,1.0,1.0,1.0,0.11098504066467285
1651,1.0,1.0,1.0,1.0,1.0,0.09492921829223633
1652,1.0,1.0,1.0,1.0,1.0,0.11274218559265137
1653,1.0,1.0,1.0,1.0,1.0,0.09627294540405273
1654,1.0,1.0,1.0,1.0,1.0,0.11113595962524414
1655,1.0,1.0,1.0,1.0,1.0,0.1392061710357666
1656,1.0,1.0,1.0,1.0,1.0,0.15201306343078613
1657,1.0,1.0,1.0,1.0,1.0,0.12685036659240723
1658,1.0,1.0,1.0,1.0,1.0,0.12967848777770996
1659,1.0,1.0,1.0,1.0,1.0,0.12254691123962402
1660,1.0,1.0,1.0,1.0,1.0,0.1481189727783203
1661,1.0,1.0,1.0,1.0,1.0,0.09491682052612305
1662,1.0,1.0,1.0,1.0,1.0,0.10517597198486328
1663,1.0,1.0,1.0,1.0,1.0,0.10076189041137695
1664,1.0,1.0,1.0,1.0,1.0,0.1143190860748291
1665,1.0,1.0,1.0,1.0,1.0,0.11159563064575195
1666,1.0,1.0,1.0,1.0,1.0,0.11188220977783203
1667,1.0,1.0,1.0,1.0,1.0,0.13348031044006348
1668,1.0,1.0,1.0,1.0,1.0,0.11055684089660645
1669,1.0,1.0,1.0,1.0,1.0,0.11599349975585938
1670,1.0,1.0,1.0,1.0,1.0,0.13550424575805664
1671,1.0,1.0,1.0,1.0,1.0,0.13830280303955078
1672,1.0,1.0,1.0,1.0,1.0,0.12620019912719727
1673,1.0,1.0,1.0,1.0,1.0,0.1109461784362793
1674,1.0,1.0,1.0,1.0,1.0,0.13643169403076172
1675,1.0,1.0,1.0,1.0,1.0,0.1440424919128418
1676,1.0,1.0,1.0,1.0,1.0,0.1120309829711914
1677,1.0,1.0,1.0,1.0,1.0,0.09651494026184082
1678,1.0,1.0,1.0,1.0,1.0,0.10753941535949707
1679,1.0,1.0,1.0,1.0,1.0,0.1201632022857666
1680,1.0,1.0,1.0,1.0,1.0,0.10680580139160156
1681,1.0,1.0,1.0,1.0,1.0,0.15672588348388672
1682,1.0,1.0,1.0,1.0,1.0,0.15216779708862305
1683,1.0,1.0,1.0,1.0,1.0,0.12232327461242676
1684,1.0,1.0,1.0,1.0,1.0,0.10316681861877441
1685,1.0,1.0,1.0,1.0,1.0,0.10391688346862793
1686,1.0,1.0,1.0,1.0,1.0,0.12439417839050293
1687,1.0,1.0,1.0,1.0,1.0,0.12130403518676758
1688,1.0,1.0,1.0,1.0,1.0,0.11242485046386719
1689,1.0,1.0,1.0,1.0,1.0,0.1004641056060791
1690,1.0,1.0,1.0,1.0,1.0,0.11755180358886719
1691,1.0,1.0,1.0,1.0,1.0,0.14014077186584473
1692,1.0,1.0,1.0,1.0,1.0,0.10240697860717773
1693,1.0,1.0,1.0,1.0,1.0,0.16498875617980957
1694,1.0,1.0,1.0,1.0,1.0,0.18179631233215332
1695,1.0,1.0,1.0,1.0,1.0,0.2079474925994873
1696,1.0,1.0,1.0,1.0,1.0,0.16038775444030762
1697,1.0,1.0,1.0,1.0,1.0,0.17134857177734375
1698,1.0,1.0,1.0,1.0,1.0,0.14995551109313965
1699,1.0,1.0,1.0,1.0,1.0,0.15042400360107422
1700,1.0,1.0,1.0,1.0,1.0,0.11292099952697754
1701,1.0,1.0,1.0,1.0,1.0,0.10322070121765137
1702,1.0,1.0,1.0,1.0,1.0,0.07445240020751953
1703,1.0,1.0,1.0,1.0,1.0,0.06365561485290527
1704,1.0,1.0,1.0,1.0,1.0,0.08188819885253906
1705,1.0,1.0,1.0,1.0,1.0,0.09743070602416992
1706,1.0,1.0,1.0,1.0,1.0,0.06949996948242188
1707,1.0,1.0,1.0,1.0,1.0,0.1158297061920166
1708,1.0,1.0,1.0,1.0,1.0,0.0850672721862793
1709,1.0,1.0,1.0,1.0,1.0,0.06357240676879883
1710,1.0,1.0,1.0,1.0,1.0,0.12724089622497559
1711,1.0,1.0,1.0,1.0,1.0,0.08238720893859863
1712,1.0,1.0,1.0,1.0,1.0,0.045731544494628906
1713,1.0,1.0,1.0,1.0,1.0,0.08866596221923828
1714,1.0,1.0,1.0,1.0,1.0,0.06794333457946777
1715,1.0,1.0,1.0,1.0,1.0,0.04240226745605469
1716,1.0,1.0,1.0,1.0,1.0,0.03574371337890625
1717,1.0,1.0,1.0,1.0,1.0,0.02852487564086914
1718,1.0,1.0,1.0,1.0,1.0,0.045435428619384766
1719,1.0,1.0,1.0,1.0,1.0,0.07104063034057617
1720,1.0,1.0,1.0,1.0,1.0,0.09383511543273926
1721,1.0,1.0,1.0,1.0,1.0,0.08235383033752441
1722,1.0,1.0,1.0,1.0,1.0,0.0661313533782959
1723,1.0,1.0,1.0,1.0,1.0,0.05553555488586426
1724,1.0,1.0,1.0,1.0,1.0,0.06839561462402344
1725,1.0,1.0,1.0,1.0,1.0,0.053305864334106445
1726,1.0,1.0,1.0,1.0,1.0,0.0742189884185791
1727,1.0,1.0,1.0,1.0,1.0,0.06052255630493164
1728,1.0,1.0,1.0,1.0,1.0,0.0445864200592041
1729,1.0,1.0,1.0,1.0,1.0,0.07642674446105957
1730,1.0,1.0,1.0,1.0,1.0,0.0737154483795166
1731,1.0,1.0,1.0,1.0,1.0,0.05943799018859863
1732,1.0,1.0,1.0,1.0,1.0,0.040851593017578125
1733,1.0,1.0,1.0,1.0,1.0,0.04105257987976074
1734,1.0,1.0,1.0,1.0,1.0,0.040895700454711914
1735,1.0,1.0,1.0,1.0,1.0,0.04015016555786133
1736,1.0,1.0,1.0,1.0,1.0,0.08286046981811523
1737,1.0,1.0,1.0,1.0,1.0,0.06590080261230469
1738,1.0,1.0,1.0,1.0,1.0,0.07475733757019043
1739,1.0,1.0,1.0,1.0,1.0,0.0652780532836914
1740,1.0,1.0,1.0,1.0,1.0,0.04891681671142578
1741,1.0,1.0,1.0,1.0,1.0,0.02842569351196289
1742,1.0,1.0,1.0,1.0,1.0,0.021324634552001953
1743,1.0,1.0,1.0,1.0,1.0,0.033440589904785156
1744,1.0,1.0,1.0,1.0,1.0,0.041051626205444336
1745,1.0,1.0,1.0,1.0,1.0,0.033351898193359375
1746,1.0,1.0,1.0,1.0,1.0,0.023931264877319336
1747,1.0,1.0,1.0,1.0,1.0,0.04134416580200195
1748,1.0,1.0,1.0,1.0,1.0,0.06318545341491699
1749,1.0,1.0,1.0,1.0,1.0,0.06811904907226562
1750,1.0,1.0,1.0,1.0,1.0,0.032952308654785156
1751,1.0,1.0,1.0,1.0,1.0,0.032321929931640625
1752,1.0,1.0,1.0,1.0,1.0,0.04078078269958496
1753,1.0,1.0,1.0,1.0,1.0,0.060723066329956055
1754,1.0,1.0,1.0,1.0,1.0,0.04537177085876465
1755,1.0,1.0,1.0,1.0,1.0,0.0414576530456543
1756,1.0,1.0,1.0,1.0,1.0,0.024726152420043945
1757,1.0,1.0,1.0,1.0,1.0,0.07942461967468262
1758,1.0,1.0,1.0,1.0,1.0,0.09041810035705566
1759,1.0,1.0,1.0,1.0,1.0,0.07573533058166504
1760,1.0,1.0,1.0,1.0,1.0,0.06252241134643555
1761,1.0,1.0,1.0,1.0,1.0,0.03891468048095703
1762,1.0,1.0,1.0,1.0,1.0,0.03848719596862793
1763,1.0,1.0,1.0,1.0,1.0,0.048888206481933594
1764,1.0,1.0,1.0,1.0,1.0,0.04166364669799805
1765,1.0,1.0,1.0,1.0,1.0,0.033719778060913086
1766,1.0,1.0,1.0,1.0,1.0,0.039908647537231445
1767,1.0,1.0,1.0,1.0,1.0,0.031975746154785156
1768,1.0,1.0,1.0,1.0,1.0,0.04163551330566406
1769,1.0,1.0,1.0,1.0,1.0,0.05112814903259277
1770,1.0,1.0,1.0,1.0,1.0,0.03527355194091797
1771,1.0,1.0,1.0,1.0,1.0,0.11002802848815918
1772,1.0,1.0,1.0,1.0,1.0,0.07458281517028809
1773,1.0,1.0,1.0,1.0,1.0,0.05852031707763672
1774,1.0,1.0,1.0,1.0,1.0,0.06371164321899414
1775,1.0,1.0,1.0,1.0,1.0,0.05586361885070801
1776,1.0,1.0,1.0,1.0,1.0,0.0429530143737793
1777,1.0,1.0,1.0,1.0,1.0,0.041213035583496094
1778,1.0,1.0,1.0,1.0,1.0,0.07745790481567383
1779,1.0,1.0,1.0,1.0,1.0,0.05387759208679199
1780,1.0,1.0,1.0,1.0,1.0,0.05113506317138672
1781,1.0,1.0,1.0,1.0,1.0,0.03901338577270508
1782,1.0,1.0,1.0,1.0,1.0,0.03268933296203613
1783,1.0,1.0,1.0,1.0,1.0,0.025177955627441406
1784,1.0,1.0,1.0,1.0,1.0,0.03246712684631348
1785,1.0,1.0,1.0,1.0,1.0,0.0397648811340332
1786,1.0,1.0,1.0,1.0,1.0,0.04237627983093262
1787,1.0,1.0,1.0,1.0,1.0,0.02475714683532715
1788,1.0,1.0,1.0,1.0,1.0,0.040956735610961914
1789,1.0,1.0,1.0,1.0,1.0,0.03685617446899414
1790,1.0,1.0,1.0,1.0,1.0,0.047293663024902344
1791,1.0,1.0,1.0,1.0,1.0,0.04195904731750488
1792,1.0,1.0,1.0,1.0,1.0,0.031267404556274414
1793,1.0,1.0,1.0,1.0,1.0,0.03041672706604004
1794,1.0,1.0,1.0,1.0,1.0,0.03368878364562988
1795,1.0,1.0,1.0,1.0,1.0,0.033284902572631836
1796,1.0,1.0,1.0,1.0,1.0,0.03305935859680176
1797,1.0,1.0,1.0,1.0,1.0,0.0327913761138916
1798,1.0,1.0,1.0,1.0,1.0,0.0331120491027832
1799,1.0,1.0,1.0,1.0,1.0,0.032412052154541016
1800,1.0,1.0,1.0,1.0,1.0,0.035652875900268555
1801,1.0,1.0,1.0,1.0,1.0,0.055381059646606445
1802,1.0,1.0,1.0,1.0,1.0,0.039751529693603516
1803,1.0,1.0,1.0,1.0,1.0,0.07325625419616699
1804,1.0,1.0,1.0,1.0,1.0,0.09065985679626465
1805,1.0,1.0,1.0,1.0,1.0,0.08167386054992676
1806,1.0,1.0,1.0,1.0,1.0,0.07508707046508789
1807,1.0,1.0,1.0,1.0,1.0,0.07372474670410156
1808,1.0,1.0,1.0,1.0,1.0,0.07516145706176758
1809,1.0,1.0,1.0,1.0,1.0,0.0741264820098877
1810,1.0,1.0,1.0,1.0,1.0,0.09051084518432617
1811,1.0,1.0,1.0,1.0,1.0,0.08230805397033691
1812,1.0,1.0,1.0,1.0,1.0,0.09726309776306152
1813,1.0,1.0,1.0,1.0,1.0,0.08841681480407715
1814,1.0,1.0,1.0,1.0,1.0,0.08402729034423828
1815,1.0,1.0,1.0,1.0,1.0,0.07830095291137695
1816,1.0,1.0,1.0,1.0,1.0,0.07827425003051758
1817,1.0,1.0,1.0,1.0,1.0,0.08287692070007324
1818,1.0,1.0,1.0,1.0,1.0,0.09243178367614746
1819,1.0,1.0,1.0,1.0,1.0,0.07374072074890137
1820,1.0,1.0,1.0,1.0,1.0,0.03903055191040039
1821,1.0,1.0,1.0,1.0,1.0,0.03946185111999512
1822,1.0,1.0,1.0,1.0,1.0,0.03519630432128906
1823,1.0,1.0,1.0,1.0,1.0,0.03355836868286133
1824,1.0,1.0,1.0,1.0,1.0,0.04268169403076172
1825,1.0,1.0,1.0,1.0,1.0,0.036440134048461914
1826,1.0,1.0,1.0,1.0,1.0,0.04150271415710449
1827,1.0,1.0,1.0,1.0,1.0,0.03344249725341797
1828,1.0,1.0,1.0,1.0,1.0,0.044408559799194336
1829,1.0,1.0,1.0,1.0,1.0,0.024376630783081055
1830,1.0,1.0,1.0,1.0,1.0,0.0335233211517334
1831,1.0,1.0,1.0,1.0,1.0,0.07999038696289062
1832,1.0,1.0,1.0,1.0,1.0,0.050567626953125
1833,1.0,1.0,1.0,1.0,1.0,0.04042696952819824
1834,1.0,1.0,1.0,1.0,1.0,0.06109333038330078
1835,1.0,1.0,1.0,1.0,1.0,0.0782003402709961
1836,1.0,1.0,1.0,1.0,1.0,0.09141016006469727
1837,1.0,1.0,1.0,1.0,1.0,0.06421089172363281
1838,1.0,1.0,1.0,1.0,1.0,0.04103279113769531
1839,1.0,1.0,1.0,1.0,1.0,0.05030941963195801
1840,1.0,1.0,1.0,1.0,1.0,0.032697439193725586
1841,1.0,1.0,1.0,1.0,1.0,0.049079179763793945
1842,1.0,1.0,1.0,1.0,1.0,0.05175042152404785
1843,1.0,1.0,1.0,1.0,1.0,0.03898262977600098
1844,1.0,1.0,1.0,1.0,1.0,0.035909414291381836
1845,1.0,1.0,1.0,1.0,1.0,0.028676509857177734
1846,1.0,1.0,1.0,1.0,1.0,0.03300666809082031
1847,1.0,1.0,1.0,1.0,1.0,0.035784006118774414
1848,1.0,1.0,1.0,1.0,1.0,0.03812146186828613
1849,1.0,1.0,1.0,1.0,1.0,0.03670072555541992
1850,1.0,1.0,1.0,1.0,1.0,0.029077768325805664
1851,1.0,1.0,1.0,1.0,1.0,0.03133368492126465
1852,1.0,1.0,1.0,1.0,1.0,0.028087854385375977
1853,1.0,1.0,1.0,1.0,1.0,0.028200149536132812
1854,1.0,1.0,1.0,1.0,1.0,0.021718978881835938
1855,1.0,1.0,1.0,1.0,1.0,0.0314021110534668
1856,1.0,1.0,1.0,1.0,1.0,0.07181167602539062
1857,1.0,1.0,1.0,1.0,1.0,0.07497668266296387
1858,1.0,1.0,1.0,1.0,1.0,0.06645345687866211
1859,1.0,1.0,1.0,1.0,1.0,0.07542920112609863
1860,1.0,1.0,1.0,1.0,1.0,0.0812540054321289
1861,1.0,1.0,1.0,1.0,1.0,0.049393653869628906
1862,1.0,1.0,1.0,1.0,1.0,0.05900216102600098
1863,1.0,1.0,1.0,1.0,1.0,0.05561351776123047
1864,1.0,1.0,1.0,1.0,1.0,0.031948089599609375
1865,1.0,1.0,1.0,1.0,1.0,0.03288555145263672
1866,1.0,1.0,1.0,1.0,1.0,0.04180169105529785
1867,1.0,1.0,1.0,1.0,1.0,0.02615046501159668
1868,1.0,1.0,1.0,1.0,1.0,0.030681848526000977
1869,1.0,1.0,1.0,1.0,1.0,0.03247356414794922
1870,1.0,1.0,1.0,1.0,1.0,0.03237581253051758
1871,1.0,1.0,1.0,1.0,1.0,0.024530649185180664
1872,1.0,1.0,1.0,1.0,1.0,0.03343510627746582
1873,1.0,1.0,1.0,1.0,1.0,0.045526742935180664
1874,1.0,1.0,1.0,1.0,1.0,0.03163719177246094
1875,1.0,1.0,1.0,1.0,1.0,0.028352022171020508
1876,1.0,1.0,1.0,1.0,1.0,0.03806757926940918
1877,1.0,1.0,1.0,1.0,1.0,0.030953407287597656
1878,1.0,1.0,1.0,1.0,1.0,0.06404662132263184
1879,1.0,1.0,1.0,1.0,1.0,0.04766106605529785
1880,1.0,1.0,1.0,1.0,1.0,0.05985736846923828
1881,1.0,1.0,1.0,1.0,1.0,0.08057332038879395
1882,1.0,1.0,1.0,1.0,1.0,0.07584571838378906
1883,1.0,1.0,1.0,1.0,1.0,0.08313202857971191
1884,1.0,1.0,1.0,1.0,1.0,0.0792689323425293
1885,1.0,1.0,1.0,1.0,1.0,0.056502580642700195
1886,1.0,1.0,1.0,1.0,1.0,0.05141592025756836
1887,1.0,1.0,1.0,1.0,1.0,0.033026695251464844
1888,1.0,1.0,1.0,1.0,1.0,0.03872537612915039
1889,1.0,1.0,1.0,1.0,1.0,0.06540727615356445
1890,1.0,1.0,1.0,1.0,1.0,0.0551295280456543
1891,1.0,1.0,1.0,1.0,1.0,0.0478672981262207
1892,1.0,1.0,1.0,1.0,1.0,0.07887983322143555
1893,1.0,1.0,1.0,1.0,1.0,0.04088902473449707
1894,1.0,1.0,1.0,1.0,1.0,0.03459572792053223
1895,1.0,1.0,1.0,1.0,1.0,0.05990958213806152
1896,1.0,1.0,1.0,1.0,1.0,0.06065630912780762
1897,1.0,1.0,1.0,1.0,1.0,0.09956240653991699
1898,1.0,1.0,1.0,1.0,1.0,0.0972750186920166
1899,1.0,1.0,1.0,1.0,1.0,0.059282541275024414
1900,1.0,1.0,1.0,1.0,1.0,0.0325467586517334
1901,1.0,1.0,1.0,1.0,1.0,0.033536672592163086
1902,1.0,1.0,1.0,1.0,1.0,0.06604909896850586
1903,1.0,1.0,1.0,1.0,1.0,0.0900888442993164
1904,1.0,1.0,1.0,1.0,1.0,0.09844541549682617
1905,1.0,1.0,1.0,1.0,1.0,0.07256293296813965
1906,1.0,1.0,1.0,1.0,1.0,0.0499422550201416
1907,1.0,1.0,1.0,1.0,1.0,0.05418896675109863
1908,1.0,1.0,1.0,1.0,1.0,0.05358076095581055
1909,1.0,1.0,1.0,1.0,1.0,0.06634521484375
1910,1.0,1.0,1.0,1.0,1.0,0.06636238098144531
1911,1.0,1.0,1.0,1.0,1.0,0.08277344703674316
1912,1.0,1.0,1.0,1.0,1.0,0.0654594898223877
1913,1.0,1.0,1.0,1.0,1.0,0.06701278686523438
1914,1.0,1.0,1.0,1.0,1.0,0.057106971740722656
1915,1.0,1.0,1.0,1.0,1.0,0.07439804077148438
1916,1.0,1.0,1.0,1.0,1.0,0.045366525650024414
1917,1.0,1.0,1.0,1.0,1.0,0.05353689193725586
1918,1.0,1.0,1.0,1.0,1.0,0.038501739501953125
1919,1.0,1.0,1.0,1.0,1.0,0.043628692626953125
1920,1.0,1.0,1.0,1.0,1.0,0.04208064079284668
1921,1.0,1.0,1.0,1.0,1.0,0.03229260444641113
1922,1.0,1.0,1.0,1.0,1.0,0.030991315841674805
1923,1.0,1.0,1.0,1.0,1.0,0.032618045806884766
1924,1.0,1.0,1.0,1.0,1.0,0.044866085052490234
1925,1.0,1.0,1.0,1.0,1.0,0.030550003051757812
1926,1.0,1.0,1.0,1.0,1.0,0.043965816497802734
1927,1.0,1.0,1.0,1.0,1.0,0.038947343826293945
1928,1.0,1.0,1.0,1.0,1.0,0.041277408599853516
1929,1.0,1.0,1.0,1.0,1.0,0.03433060646057129
1930,1.0,1.0,1.0,1.0,1.0,0.030925750732421875
1931,1.0,1.0,1.0,1.0,1.0,0.04095005989074707
1932,1.0,1.0,1.0,1.0,1.0,0.049298763275146484
1933,1.0,1.0,1.0,1.0,1.0,0.04901885986328125
1934,1.0,1.0,1.0,1.0,1.0,0.05747556686401367
1935,1.0,1.0,1.0,1.0,1.0,0.06759953498840332
1936,1.0,1.0,1.0,1.0,1.0,0.04721498489379883
1937,1.0,1.0,1.0,1.0,1.0,0.04119539260864258
1938,1.0,1.0,1.0,1.0,1.0,0.03350496292114258
1939,1.0,1.0,1.0,1.0,1.0,0.027954816818237305
1940,1.0,1.0,1.0,1.0,1.0,0.0322413444519043
1941,1.0,1.0,1.0,1.0,1.0,0.05541682243347168
1942,1.0,1.0,1.0,1.0,1.0,0.04975438117980957
1943,1.0,1.0,1.0,1.0,1.0,0.03871655464172363
1944,1.0,1.0,1.0,1.0,1.0,0.03249168395996094
1945,1.0,1.0,1.0,1.0,1.0,0.05223441123962402
1946,1.0,1.0,1.0,1.0,1.0,0.08855009078979492
1947,1.0,1.0,1.0,1.0,1.0,0.08217978477478027
1948,1.0,1.0,1.0,1.0,1.0,0.07579994201660156
1949,1.0,1.0,1.0,1.0,1.0,0.09960365295410156
1950,1.0,1.0,1.0,1.0,1.0,0.06563162803649902
1951,1.0,1.0,1.0,1.0,1.0,0.09128928184509277
1952,1.0,1.0,1.0,1.0,1.0,0.09160518646240234
1953,1.0,1.0,1.0,1.0,1.0,0.05584979057312012
1954,1.0,1.0,1.0,1.0,1.0,0.07308220863342285
1955,1.0,1.0,1.0,1.0,1.0,0.042679786682128906
1956,1.0,1.0,1.0,1.0,1.0,0.03458261489868164
1957,1.0,1.0,1.0,1.0,1.0,0.03813600540161133
1958,1.0,1.0,1.0,1.0,1.0,0.03550887107849121
1959,1.0,1.0,1.0,1.0,1.0,0.04932570457458496
1960,1.0,1.0,1.0,1.0,1.0,0.04819989204406738
1961,1.0,1.0,1.0,1.0,1.0,0.04064798355102539
1962,1.0,1.0,1.0,1.0,1.0,0.07886552810668945
1963,1.0,1.0,1.0,1.0,1.0,0.09745478630065918
1964,1.0,1.0,1.0,1.0,1.0,0.07508468627929688
1965,1.0,1.0,1.0,1.0,1.0,0.0753781795501709
1966,1.0,1.0,1.0,1.0,1.0,0.0714564323425293
1967,1.0,1.0,1.0,1.0,1.0,0.07061052322387695
1968,1.0,1.0,1.0,1.0,1.0,0.0740046501159668
1969,1.0,1.0,1.0,1.0,1.0,0.07282495498657227
1970,1.0,1.0,1.0,1.0,1.0,0.09769296646118164
1971,1.0,1.0,1.0,1.0,1.0,0.07394027709960938
1972,1.0,1.0,1.0,1.0,1.0,0.0664067268371582
1973,1.0,1.0,1.0,1.0,1.0,0.06320953369140625
1974,1.0,1.0,1.0,1.0,1.0,0.0729062557220459
1975,1.0,1.0,1.0,1.0,1.0,0.06923937797546387
1976,1.0,1.0,1.0,1.0,1.0,0.06544995307922363
1977,1.0,1.0,1.0,1.0,1.0,0.0662391185760498
1978,1.0,1.0,1.0,1.0,1.0,0.06832456588745117
1979,1.0,1.0,1.0,1.0,1.0,0.03978466987609863
1980,1.0,1.0,1.0,1.0,1.0,0.04121112823486328
1981,1.0,1.0,1.0,1.0,1.0,0.04838228225708008
1982,1.0,1.0,1.0,1.0,1.0,0.03274345397949219
1983,1.0,1.0,1.0,1.0,1.0,0.049758195877075195
1984,1.0,1.0,1.0,1.0,1.0,0.05311870574951172
1985,1.0,1.0,1.0,1.0,1.0,0.04598569869995117
1986,1.0,1.0,1.0,1.0,1.0,0.04111027717590332
1987,1.0,1.0,1.0,1.0,1.0,0.035512685775756836
1988,1.0,1.0,1.0,1.0,1.0,0.037726402282714844
1989,1.0,1.0,1.0,1.0,1.0,0.026577234268188477
1990,1.0,1.0,1.0,1.0,1.0,0.030847787857055664
1991,1.0,1.0,1.0,1.0,1.0,0.03358268737792969
1992,1.0,1.0,1.0,1.0,1.0,0.03152298927307129
1993,1.0,1.0,1.0,1.0,1.0,0.03312540054321289
1994,1.0,1.0,1.0,1.0,1.0,0.033078670501708984
1995,1.0,1.0,1.0,1.0,1.0,0.03234100341796875
1996,1.0,1.0,1.0,1.0,1.0,0.043109893798828125
1997,1.0,1.0,1.0,1.0,1.0,0.030508041381835938
1998,1.0,1.0,1.0,1.0,1.0,0.032982587814331055
1999,1.0,1.0,1.0,1.0,1.0,0.029094934463500977
2000,1.0,1.0,1.0,1.0,1.0,0.021870136260986328
2001,1.0,1.0,1.0,1.0,1.0,0.03198838233947754
2002,1.0,1.0,1.0,1.0,1.0,0.03655743598937988
2003,1.0,1.0,1.0,1.0,1.0,0.04670310020446777
2004,1.0,1.0,1.0,1.0,1.0,0.04148602485656738
2005,1.0,1.0,1.0,1.0,1.0,0.04113936424255371
2006,1.0,1.0,1.0,1.0,1.0,0.0677328109741211
2007,1.0,1.0,1.0,1.0,1.0,0.06584668159484863
2008,1.0,1.0,1.0,1.0,1.0,0.056060791015625
2009,1.0,1.0,1.0,1.0,1.0,0.11821603775024414
2010,1.0,1.0,1.0,1.0,1.0,0.032605886459350586
2011,1.0,1.0,1.0,1.0,1.0,0.04633688926696777
2012,1.0,1.0,1.0,1.0,1.0,0.05194735527038574
2013,1.0,1.0,1.0,1.0,1.0,0.024720430374145508
2014,1.0,1.0,1.0,1.0,1.0,0.049039363861083984
2015,1.0,1.0,1.0,1.0,1.0,0.01667022705078125
2016,1.0,1.0,1.0,1.0,1.0,0.0372614860534668
2017,1.0,1.0,1.0,1.0,1.0,0.03673577308654785
2018,1.0,1.0,1.0,1.0,1.0,0.05338740348815918
2019,1.0,1.0,1.0,1.0,1.0,0.035663604736328125
2020,1.0,1.0,1.0,1.0,1.0,0.03826498985290527
2021,1.0,1.0,1.0,1.0,1.0,0.037810564041137695
2022,1.0,1.0,1.0,1.0,1.0,0.04953885078430176
2023,1.0,1.0,1.0,1.0,1.0,0.03687715530395508
2024,1.0,1.0,1.0,1.0,1.0,0.02021646499633789
2025,1.0,1.0,1.0,1.0,1.0,0.032993316650390625
2026,1.0,1.0,1.0,1.0,1.0,0.04968404769897461
2027,1.0,1.0,1.0,1.0,1.0,0.041600704193115234
2028,1.0,1.0,1.0,1.0,1.0,0.04944634437561035
2029,1.0,1.0,1.0,1.0,1.0,0.05854630470275879
2030,1.0,1.0,1.0,1.0,1.0,0.05734872817993164
2031,1.0,1.0,1.0,1.0,1.0,0.04942965507507324
2032,1.0,1.0,1.0,1.0,1.0,0.04671931266784668
2033,1.0,1.0,1.0,1.0,1.0,0.05942058563232422
2034,1.0,1.0,1.0,1.0,1.0,0.033030033111572266
2035,1.0,1.0,1.0,1.0,1.0,0.04948925971984863
2036,1.0,1.0,1.0,1.0,1.0,0.05530977249145508
2037,1.0,1.0,1.0,1.0,1.0,0.026908159255981445
2038,1.0,1.0,1.0,1.0,1.0,0.03246021270751953
2039,1.0,1.0,1.0,1.0,1.0,0.045107364654541016
2040,1.0,1.0,1.0,1.0,1.0,0.04564857482910156
2041,1.0,1.0,1.0,1.0,1.0,0.04931783676147461
2042,1.0,1.0,1.0,1.0,1.0,0.033914804458618164
2043,1.0,1.0,1.0,1.0,1.0,0.023523569107055664
2044,1.0,1.0,1.0,1.0,1.0,0.03257632255554199
2045,1.0,1.0,1.0,1.0,1.0,0.030858278274536133
2046,1.0,1.0,1.0,1.0,1.0,0.030456066131591797
2047,1.0,1.0,1.0,1.0,1.0,0.038098812103271484
2048,1.0,1.0,1.0,1.0,1.0,0.03921914100646973
2049,1.0,1.0,1.0,1.0,1.0,0.024684429168701172
2050,1.0,1.0,1.0,1.0,1.0,0.03911280632019043
2051,1.0,1.0,1.0,1.0,1.0,0.028481245040893555
2052,1.0,1.0,1.0,1.0,1.0,0.031031370162963867
2053,1.0,1.0,1.0,1.0,1.0,0.029094219207763672
2054,1.0,1.0,1.0,1.0,1.0,0.052582502365112305
2055,1.0,1.0,1.0,1.0,1.0,0.07795166969299316
2056,1.0,1.0,1.0,1.0,1.0,0.05820631980895996
2057,1.0,1.0,1.0,1.0,1.0,0.03697848320007324
2058,1.0,1.0,1.0,1.0,1.0,0.04682111740112305
2059,1.0,1.0,1.0,1.0,1.0,0.04104328155517578
2060,1.0,1.0,1.0,1.0,1.0,0.05374765396118164
2061,1.0,1.0,1.0,1.0,1.0,0.03018784523010254
2062,1.0,1.0,1.0,1.0,1.0,0.026298046112060547
2063,1.0,1.0,1.0,1.0,1.0,0.029352903366088867
2064,1.0,1.0,1.0,1.0,1.0,0.03702187538146973
2065,1.0,1.0,1.0,1.0,1.0,0.02038121223449707
2066,1.0,1.0,1.0,1.0,1.0,0.026335716247558594
2067,1.0,1.0,1.0,1.0,1.0,0.03135228157043457
2068,1.0,1.0,1.0,1.0,1.0,0.04106783866882324
2069,1.0,1.0,1.0,1.0,1.0,0.05577659606933594
2070,1.0,1.0,1.0,1.0,1.0,0.02870011329650879
2071,1.0,1.0,1.0,1.0,1.0,0.030350446701049805
2072,1.0,1.0,1.0,1.0,1.0,0.02721381187438965
2073,1.0,1.0,1.0,1.0,1.0,0.06256437301635742
2074,1.0,1.0,1.0,1.0,1.0,0.03980565071105957
2075,1.0,1.0,1.0,1.0,1.0,0.05128765106201172
2076,1.0,1.0,1.0,1.0,1.0,0.027714252471923828
2077,1.0,1.0,1.0,1.0,1.0,0.0220949649810791
2078,1.0,1.0,1.0,1.0,1.0,0.031015872955322266
2079,1.0,1.0,1.0,1.0,1.0,0.04143047332763672
2080,1.0,1.0,1.0,1.0,1.0,0.058307647705078125
2081,1.0,1.0,1.0,1.0,1.0,0.039038896560668945
2082,1.0,1.0,1.0,1.0,1.0,0.04344487190246582
2083,1.0,1.0,1.0,1.0,1.0,0.041548967361450195
2084,1.0,1.0,1.0,1.0,1.0,0.04979276657104492
2085,1.0,1.0,1.0,1.0,1.0,0.035663604736328125
2086,1.0,1.0,1.0,1.0,1.0,0.030806779861450195
2087,1.0,1.0,1.0,1.0,1.0,0.04143500328063965
2088,1.0,1.0,1.0,1.0,1.0,0.032308340072631836
2089,1.0,1.0,1.0,1.0,1.0,0.028839826583862305
2090,1.0,1.0,1.0,1.0,1.0,0.032457590103149414
2091,1.0,1.0,1.0,1.0,1.0,0.031041383743286133
2092,1.0,1.0,1.0,1.0,1.0,0.030504465103149414
2093,1.0,1.0,1.0,1.0,1.0,0.03238964080810547
2094,1.0,1.0,1.0,1.0,1.0,0.028825998306274414
2095,1.0,1.0,1.0,1.0,1.0,0.02837681770324707
2096,1.0,1.0,1.0,1.0,1.0,0.04152393341064453
2097,1.0,1.0,1.0,1.0,1.0,0.05955839157104492
2098,1.0,1.0,1.0,1.0,1.0,0.07332015037536621
2099,1.0,1.0,1.0,1.0,1.0,0.05731534957885742
2100,1.0,1.0,1.0,1.0,1.0,0.05836915969848633
2101,1.0,1.0,1.0,1.0,1.0,0.0571136474609375
2102,1.0,1.0,1.0,1.0,1.0,0.05997037887573242
2103,1.0,1.0,1.0,1.0,1.0,0.07057881355285645
2104,1.0,1.0,1.0,1.0,1.0,0.07897472381591797
2105,1.0,1.0,1.0,1.0,1.0,0.07787418365478516
2106,1.0,1.0,1.0,1.0,1.0,0.09943008422851562
2107,1.0,1.0,1.0,1.0,1.0,0.09005904197692871
2108,1.0,1.0,1.0,1.0,1.0,0.11436867713928223
2109,1.0,1.0,1.0,1.0,1.0,0.1471092700958252
2110,1.0,1.0,1.0,1.0,1.0,0.14322829246520996
2111,1.0,1.0,1.0,1.0,1.0,0.11850929260253906
2112,1.0,1.0,1.0,1.0,1.0,0.07732224464416504
2113,1.0,1.0,1.0,1.0,1.0,0.07433700561523438
2114,1.0,1.0,1.0,1.0,1.0,0.08423495292663574
2115,1.0,1.0,1.0,1.0,1.0,0.08664774894714355
2116,1.0,1.0,1.0,1.0,1.0,0.043563127517700195
2117,1.0,1.0,1.0,1.0,1.0,0.06535577774047852
2118,1.0,1.0,1.0,1.0,1.0,0.1416950225830078
2119,1.0,1.0,1.0,1.0,1.0,0.09506034851074219
2120,1.0,1.0,1.0,1.0,1.0,0.0990455150604248
2121,1.0,1.0,1.0,1.0,1.0,0.08106851577758789
2122,1.0,1.0,1.0,1.0,1.0,0.11611747741699219
2123,1.0,1.0,1.0,1.0,1.0,0.13451910018920898
2124,1.0,1.0,1.0,1.0,1.0,0.08575105667114258
2125,1.0,1.0,1.0,1.0,1.0,0.087432861328125
2126,1.0,1.0,1.0,1.0,1.0,0.0952141284942627
2127,1.0,1.0,1.0,1.0,1.0,0.07725358009338379
2128,1.0,1.0,1.0,1.0,1.0,0.10755252838134766
2129,1.0,1.0,1.0,1.0,1.0,0.12993788719177246
2130,1.0,1.0,1.0,1.0,1.0,0.12114453315734863
2131,1.0,1.0,1.0,1.0,1.0,0.10288596153259277
2132,1.0,1.0,1.0,1.0,1.0,0.08929967880249023
2133,1.0,1.0,1.0,1.0,1.0,0.13479304313659668
2134,1.0,1.0,1.0,1.0,1.0,0.11020898818969727
2135,1.0,1.0,1.0,1.0,1.0,0.10456991195678711
2136,1.0,1.0,1.0,1.0,1.0,0.05828070640563965
2137,1.0,1.0,1.0,1.0,1.0,0.0986948013305664
2138,1.0,1.0,1.0,1.0,1.0,0.09404230117797852
2139,1.0,1.0,1.0,1.0,1.0,0.06970548629760742
2140,1.0,1.0,1.0,1.0,1.0,0.06612181663513184
2141,1.0,1.0,1.0,1.0,1.0,0.047570228576660156
2142,1.0,1.0,1.0,1.0,1.0,0.03274822235107422
2143,1.0,1.0,1.0,1.0,1.0,0.06041574478149414
2144,1.0,1.0,1.0,1.0,1.0,0.04179883003234863
2145,1.0,1.0,1.0,1.0,1.0,0.03299570083618164
2146,1.0,1.0,1.0,1.0,1.0,0.033086299896240234
2147,1.0,1.0,1.0,1.0,1.0,0.04094672203063965
2148,1.0,1.0,1.0,1.0,1.0,0.026593446731567383
2149,1.0,1.0,1.0,1.0,1.0,0.029612064361572266
2150,1.0,1.0,1.0,1.0,1.0,0.05829024314880371
2151,1.0,1.0,1.0,1.0,1.0,0.1255638599395752
2152,1.0,1.0,1.0,1.0,1.0,0.07942366600036621
2153,1.0,1.0,1.0,1.0,1.0,0.1334073543548584
2154,1.0,1.0,1.0,1.0,1.0,0.11710357666015625
2155,1.0,1.0,1.0,1.0,1.0,0.14875507354736328
2156,1.0,1.0,1.0,1.0,1.0,0.1457839012145996
2157,1.0,1.0,1.0,1.0,1.0,0.12262439727783203
2158,1.0,1.0,1.0,1.0,1.0,0.05759072303771973
2159,1.0,1.0,1.0,1.0,1.0,0.06285381317138672
2160,1.0,1.0,1.0,1.0,1.0,0.047347307205200195
2161,1.0,1.0,1.0,1.0,1.0,0.02862071990966797
2162,1.0,1.0,1.0,1.0,1.0,0.048342227935791016
2163,1.0,1.0,1.0,1.0,1.0,0.06714153289794922
2164,1.0,1.0,1.0,1.0,1.0,0.057675838470458984
2165,1.0,1.0,1.0,1.0,1.0,0.04160284996032715
2166,1.0,1.0,1.0,1.0,1.0,0.049361467361450195
2167,1.0,1.0,1.0,1.0,1.0,0.03411579132080078
2168,1.0,1.0,1.0,1.0,1.0,0.030903100967407227
2169,1.0,1.0,1.0,1.0,1.0,0.024291515350341797
2170,1.0,1.0,1.0,1.0,1.0,0.03305172920227051
2171,1.0,1.0,1.0,1.0,1.0,0.03703737258911133
2172,1.0,1.0,1.0,1.0,1.0,0.028843164443969727
2173,1.0,1.0,1.0,1.0,1.0,0.024280071258544922
2174,1.0,1.0,1.0,1.0,1.0,0.04995536804199219
2175,1.0,1.0,1.0,1.0,1.0,0.036611080169677734
2176,1.0,1.0,1.0,1.0,1.0,0.05660700798034668
2177,1.0,1.0,1.0,1.0,1.0,0.04826474189758301
2178,1.0,1.0,1.0,1.0,1.0,0.029560565948486328
2179,1.0,1.0,1.0,1.0,1.0,0.033762216567993164
2180,1.0,1.0,1.0,1.0,1.0,0.04226279258728027
2181,1.0,1.0,1.0,1.0,1.0,0.0344083309173584
2182,1.0,1.0,1.0,1.0,1.0,0.02078700065612793
2183,1.0,1.0,1.0,1.0,1.0,0.04989886283874512
2184,1.0,1.0,1.0,1.0,1.0,0.08454728126525879
2185,1.0,1.0,1.0,1.0,1.0,0.0704948902130127
2186,1.0,1.0,1.0,1.0,1.0,0.0506291389465332
2187,1.0,1.0,1.0,1.0,1.0,0.024557113647460938
2188,1.0,1.0,1.0,1.0,1.0,0.039800167083740234
2189,1.0,1.0,1.0,1.0,1.0,0.058582305908203125
2190,1.0,1.0,1.0,1.0,1.0,0.022357463836669922
2191,1.0,1.0,1.0,1.0,1.0,0.025037765502929688
2192,1.0,1.0,1.0,1.0,1.0,0.03665971755981445
2193,1.0,1.0,1.0,1.0,1.0,0.028899669647216797
2194,1.0,1.0,1.0,1.0,1.0,0.041322946548461914
2195,1.0,1.0,1.0,1.0,1.0,0.03259015083312988
2196,1.0,1.0,1.0,1.0,1.0,0.05875396728515625
2197,1.0,1.0,1.0,1.0,1.0,0.050389766693115234
2198,1.0,1.0,1.0,1.0,1.0,0.048464059829711914
2199,1.0,1.0,1.0,1.0,1.0,0.04148554801940918
2200,1.0,1.0,1.0,1.0,1.0,0.025183439254760742
2201,1.0,1.0,1.0,1.0,1.0,0.041268348693847656
2202,1.0,1.0,1.0,1.0,1.0,0.03175473213195801
2203,1.0,1.0,1.0,1.0,1.0,0.026065349578857422
2204,1.0,1.0,1.0,1.0,1.0,0.03241872787475586
2205,1.0,1.0,1.0,1.0,1.0,0.03441047668457031
2206,1.0,1.0,1.0,1.0,1.0,0.04114961624145508
2207,1.0,1.0,1.0,1.0,1.0,0.048172712326049805
2208,1.0,1.0,1.0,1.0,1.0,0.037034034729003906
2209,1.0,1.0,1.0,1.0,1.0,0.023975610733032227
2210,1.0,1.0,1.0,1.0,1.0,0.03653883934020996
2211,1.0,1.0,1.0,1.0,1.0,0.032033681869506836
2212,1.0,1.0,1.0,1.0,1.0,0.024695634841918945
2213,1.0,1.0,1.0,1.0,1.0,0.04512453079223633
2214,1.0,1.0,1.0,1.0,1.0,0.036420345306396484
2215,1.0,1.0,1.0,1.0,1.0,0.028960704803466797
2216,1.0,1.0,1.0,1.0,1.0,0.032895803451538086
2217,1.0,1.0,1.0,1.0,1.0,0.036112070083618164
2218,1.0,1.0,1.0,1.0,1.0,0.04155278205871582
2219,1.0,1.0,1.0,1.0,1.0,0.01662755012512207
2220,1.0,1.0,1.0,1.0,1.0,0.03373360633850098
2221,1.0,1.0,1.0,1.0,1.0,0.031058788299560547
2222,1.0,1.0,1.0,1.0,1.0,0.024683237075805664
2223,1.0,1.0,1.0,1.0,1.0,0.03354334831237793
2224,1.0,1.0,1.0,1.0,1.0,0.0415797233581543
2225,1.0,1.0,1.0,1.0,1.0,0.032381534576416016
2226,1.0,1.0,1.0,1.0,1.0,0.0402827262878418
2227,1.0,1.0,1.0,1.0,1.0,0.03278708457946777
2228,1.0,1.0,1.0,1.0,1.0,0.057433128356933594
2229,1.0,1.0,1.0,1.0,1.0,0.032831668853759766
2230,1.0,1.0,1.0,1.0,1.0,0.04864668846130371
2231,1.0,1.0,1.0,1.0,1.0,0.03330850601196289
2232,1.0,1.0,1.0,1.0,1.0,0.042102813720703125
2233,1.0,1.0,1.0,1.0,1.0,0.05524587631225586
2234,1.0,1.0,1.0,1.0,1.0,0.04181241989135742
2235,1.0,1.0,1.0,1.0,1.0,0.052332162857055664
2236,1.0,1.0,1.0,1.0,1.0,0.03216910362243652
2237,1.0,1.0,1.0,1.0,1.0,0.06542491912841797
2238,1.0,1.0,1.0,1.0,1.0,0.05051279067993164
2239,1.0,1.0,1.0,1.0,1.0,0.047779083251953125
2240,1.0,1.0,1.0,1.0,1.0,0.03364062309265137
2241,1.0,1.0,1.0,1.0,1.0,0.050646066665649414
2242,1.0,1.0,1.0,1.0,1.0,0.03198528289794922
2243,1.0,1.0,1.0,1.0,1.0,0.04088473320007324
2244,1.0,1.0,1.0,1.0,1.0,0.02811717987060547
2245,1.0,1.0,1.0,1.0,1.0,0.04608798027038574
2246,1.0,1.0,1.0,1.0,1.0,0.03977537155151367
2247,1.0,1.0,1.0,1.0,1.0,0.0421750545501709
2248,1.0,1.0,1.0,1.0,1.0,0.03862786293029785
2249,1.0,1.0,1.0,1.0,1.0,0.03372526168823242
2250,1.0,1.0,1.0,1.0,1.0,0.06338787078857422
2251,1.0,1.0,1.0,1.0,1.0,0.032286882400512695
2252,1.0,1.0,1.0,1.0,1.0,0.037865638732910156
2253,1.0,1.0,1.0,1.0,1.0,0.04059100151062012
2254,1.0,1.0,1.0,1.0,1.0,0.032850027084350586
2255,1.0,1.0,1.0,1.0,1.0,0.04957318305969238
2256,1.0,1.0,1.0,1.0,1.0,0.027697086334228516
2257,1.0,1.0,1.0,1.0,1.0,0.038179636001586914
2258,1.0,1.0,1.0,1.0,1.0,0.0451967716217041
2259,1.0,1.0,1.0,1.0,1.0,0.07338452339172363
2260,1.0,1.0,1.0,1.0,1.0,0.0504453182220459
2261,1.0,1.0,1.0,1.0,1.0,0.048135995864868164
2262,1.0,1.0,1.0,1.0,1.0,0.031185150146484375
2263,1.0,1.0,1.0,1.0,1.0,0.05113482475280762
2264,1.0,1.0,1.0,1.0,1.0,0.054126739501953125
2265,1.0,1.0,1.0,1.0,1.0,0.048253774642944336
2266,1.0,1.0,1.0,1.0,1.0,0.02466106414794922
2267,1.0,1.0,1.0,1.0,1.0,0.03324127197265625
2268,1.0,1.0,1.0,1.0,1.0,0.03345632553100586
2269,1.0,1.0,1.0,1.0,1.0,0.04116082191467285
2270,1.0,1.0,1.0,1.0,1.0,0.03226470947265625
2271,1.0,1.0,1.0,1.0,1.0,0.035272836685180664
2272,1.0,1.0,1.0,1.0,1.0,0.04521822929382324
2273,1.0,1.0,1.0,1.0,1.0,0.036109209060668945
2274,1.0,1.0,1.0,1.0,1.0,0.030681371688842773
2275,1.0,1.0,1.0,1.0,1.0,0.03307080268859863
2276,1.0,1.0,1.0,1.0,1.0,0.041210174560546875
2277,1.0,1.0,1.0,1.0,1.0,0.04130434989929199
2278,1.0,1.0,1.0,1.0,1.0,0.0571897029876709
2279,1.0,1.0,1.0,1.0,1.0,0.05630683898925781
2280,1.0,1.0,1.0,1.0,1.0,0.0513310432434082
2281,1.0,1.0,1.0,1.0,1.0,0.04105806350708008
2282,1.0,1.0,1.0,1.0,1.0,0.057372093200683594
2283,1.0,1.0,1.0,1.0,1.0,0.02429342269897461
2284,1.0,1.0,1.0,1.0,1.0,0.049648284912109375
2285,1.0,1.0,1.0,1.0,1.0,0.04123878479003906
2286,1.0,1.0,1.0,1.0,1.0,0.04493117332458496
2287,1.0,1.0,1.0,1.0,1.0,0.050943851470947266
2288,1.0,1.0,1.0,1.0,1.0,0.04033684730529785
2289,1.0,1.0,1.0,1.0,1.0,0.031598567962646484
2290,1.0,1.0,1.0,1.0,1.0,0.043500423431396484
2291,1.0,1.0,1.0,1.0,1.0,0.03613901138305664
2292,1.0,1.0,1.0,1.0,1.0,0.049515724182128906
2293,1.0,1.0,1.0,1.0,1.0,0.03411555290222168
2294,1.0,1.0,1.0,1.0,1.0,0.031995534896850586
2295,1.0,1.0,1.0,1.0,1.0,0.024951696395874023
2296,1.0,1.0,1.0,1.0,1.0,0.03213214874267578
2297,1.0,1.0,1.0,1.0,1.0,0.05639386177062988
2298,1.0,1.0,1.0,1.0,1.0,0.04248380661010742
2299,1.0,1.0,1.0,1.0,1.0,0.042211294174194336
2300,1.0,1.0,1.0,1.0,1.0,0.0338129997253418
2301,1.0,1.0,1.0,1.0,1.0,0.030160903930664062
2302,1.0,1.0,1.0,1.0,1.0,0.03703022003173828
2303,1.0,1.0,1.0,1.0,1.0,0.038643598556518555
2304,1.0,1.0,1.0,1.0,1.0,0.04098343849182129
2305,1.0,1.0,1.0,1.0,1.0,0.03683042526245117
2306,1.0,1.0,1.0,1.0,1.0,0.03489351272583008
2307,1.0,1.0,1.0,1.0,1.0,0.03759908676147461
2308,1.0,1.0,1.0,1.0,1.0,0.03667640686035156
2309,1.0,1.0,1.0,1.0,1.0,0.023323774337768555
2310,1.0,1.0,1.0,1.0,1.0,0.045093536376953125
2311,1.0,1.0,1.0,1.0,1.0,0.036863088607788086
2312,1.0,1.0,1.0,1.0,1.0,0.09021568298339844
2313,1.0,1.0,1.0,1.0,1.0,0.08275222778320312
2314,1.0,1.0,1.0,1.0,1.0,0.033050537109375
2315,1.0,1.0,1.0,1.0,1.0,0.041686058044433594
2316,1.0,1.0,1.0,1.0,1.0,0.03138613700866699
2317,1.0,1.0,1.0,1.0,1.0,0.04788780212402344
2318,1.0,1.0,1.0,1.0,1.0,0.04732394218444824
2319,1.0,1.0,1.0,1.0,1.0,0.039372920989990234
2320,1.0,1.0,1.0,1.0,1.0,0.03131985664367676
2321,1.0,1.0,1.0,1.0,1.0,0.03249502182006836
2322,1.0,1.0,1.0,1.0,1.0,0.0474851131439209
2323,1.0,1.0,1.0,1.0,1.0,0.03526639938354492
2324,1.0,1.0,1.0,1.0,1.0,0.022637367248535156
2325,1.0,1.0,1.0,1.0,1.0,0.033434391021728516
2326,1.0,1.0,1.0,1.0,1.0,0.046005964279174805
2327,1.0,1.0,1.0,1.0,1.0,0.02839827537536621
2328,1.0,1.0,1.0,1.0,1.0,0.04749345779418945
2329,1.0,1.0,1.0,1.0,1.0,0.04511451721191406
2330,1.0,1.0,1.0,1.0,1.0,0.030617713928222656
2331,1.0,1.0,1.0,1.0,1.0,0.025200366973876953
2332,1.0,1.0,1.0,1.0,1.0,0.049379825592041016
2333,1.0,1.0,1.0,1.0,1.0,0.04130291938781738
2334,1.0,1.0,1.0,1.0,1.0,0.048583269119262695
2335,1.0,1.0,1.0,1.0,1.0,0.04104042053222656
2336,1.0,1.0,1.0,1.0,1.0,0.06130409240722656
2337,1.0,1.0,1.0,1.0,1.0,0.045345306396484375
2338,1.0,1.0,1.0,1.0,1.0,0.0325620174407959
2339,1.0,1.0,1.0,1.0,1.0,0.03164339065551758
2340,1.0,1.0,1.0,1.0,1.0,0.03936052322387695
2341,1.0,1.0,1.0,1.0,1.0,0.04906129837036133
2342,1.0,1.0,1.0,1.0,1.0,0.0545804500579834
2343,1.0,1.0,1.0,1.0,1.0,0.07832980155944824
2344,1.0,1.0,1.0,1.0,1.0,0.06609058380126953
2345,1.0,1.0,1.0,1.0,1.0,0.04341721534729004
2346,1.0,1.0,1.0,1.0,1.0,0.03369283676147461
2347,1.0,1.0,1.0,1.0,1.0,0.025394201278686523
2348,1.0,1.0,1.0,1.0,1.0,0.024710416793823242
2349,1.0,1.0,1.0,1.0,1.0,0.02706623077392578
2350,1.0,1.0,1.0,1.0,1.0,0.028742313385009766
2351,1.0,1.0,1.0,1.0,1.0,0.04305148124694824
2352,1.0,1.0,1.0,1.0,1.0,0.04902458190917969
2353,1.0,1.0,1.0,1.0,1.0,0.039811134338378906
2354,1.0,1.0,1.0,1.0,1.0,0.06900167465209961
2355,1.0,1.0,1.0,1.0,1.0,0.046247005462646484
2356,1.0,1.0,1.0,1.0,1.0,0.05664825439453125
2357,1.0,1.0,1.0,1.0,1.0,0.04890298843383789
2358,1.0,1.0,1.0,1.0,1.0,0.049839019775390625
2359,1.0,1.0,1.0,1.0,1.0,0.041518449783325195
2360,1.0,1.0,1.0,1.0,1.0,0.034514665603637695
2361,1.0,1.0,1.0,1.0,1.0,0.028888225555419922
2362,1.0,1.0,1.0,1.0,1.0,0.037308454513549805
2363,1.0,1.0,1.0,1.0,1.0,0.03898978233337402
2364,1.0,1.0,1.0,1.0,1.0,0.04231834411621094
2365,1.0,1.0,1.0,1.0,1.0,0.030887126922607422
2366,1.0,1.0,1.0,1.0,1.0,0.03290677070617676
2367,1.0,1.0,1.0,1.0,1.0,0.05387091636657715
2368,1.0,1.0,1.0,1.0,1.0,0.032444000244140625
2369,1.0,1.0,1.0,1.0,1.0,0.018444538116455078
2370,1.0,1.0,1.0,1.0,1.0,0.04137086868286133
2371,1.0,1.0,1.0,1.0,1.0,0.034706830978393555
2372,1.0,1.0,1.0,1.0,1.0,0.03318333625793457
2373,1.0,1.0,1.0,1.0,1.0,0.02241230010986328
2374,1.0,1.0,1.0,1.0,1.0,0.02733016014099121
2375,1.0,1.0,1.0,1.0,1.0,0.03872275352478027
2376,1.0,1.0,1.0,1.0,1.0,0.024971485137939453
2377,1.0,1.0,1.0,1.0,1.0,0.0393366813659668
2378,1.0,1.0,1.0,1.0,1.0,0.034453392028808594
2379,1.0,1.0,1.0,1.0,1.0,0.032889366149902344
2380,1.0,1.0,1.0,1.0,1.0,0.07204580307006836
2381,1.0,1.0,1.0,1.0,1.0,0.038263797760009766
2382,1.0,1.0,1.0,1.0,1.0,0.05081295967102051
2383,1.0,1.0,1.0,1.0,1.0,0.04968833923339844
2384,1.0,1.0,1.0,1.0,1.0,0.04105734825134277
2385,1.0,1.0,1.0,1.0,1.0,0.03705763816833496
2386,1.0,1.0,1.0,1.0,1.0,0.037609100341796875
2387,1.0,1.0,1.0,1.0,1.0,0.04789400100708008
2388,1.0,1.0,1.0,1.0,1.0,0.046578407287597656
2389,1.0,1.0,1.0,1.0,1.0,0.028651714324951172
2390,1.0,1.0,1.0,1.0,1.0,0.039835214614868164
2391,1.0,1.0,1.0,1.0,1.0,0.032514095306396484
2392,1.0,1.0,1.0,1.0,1.0,0.03312802314758301
2393,1.0,1.0,1.0,1.0,1.0,0.039133310317993164
2394,1.0,1.0,1.0,1.0,1.0,0.0260775089263916
2395,1.0,1.0,1.0,1.0,1.0,0.03425478935241699
2396,1.0,1.0,1.0,1.0,1.0,0.03202700614929199
2397,1.0,1.0,1.0,1.0,1.0,0.02448558807373047
2398,1.0,1.0,1.0,1.0,1.0,0.032991647720336914
2399,1.0,1.0,1.0,1.0,1.0,0.041628122329711914
2400,1.0,1.0,1.0,1.0,1.0,0.03246665000915527
2401,1.0,1.0,1.0,1.0,1.0,0.03312277793884277
2402,1.0,1.0,1.0,1.0,1.0,0.041632890701293945
2403,1.0,1.0,1.0,1.0,1.0,0.04846763610839844
2404,1.0,1.0,1.0,1.0,1.0,0.0325467586517334
2405,1.0,1.0,1.0,1.0,1.0,0.02448558807373047
2406,1.0,1.0,1.0,1.0,1.0,0.04437613487243652
2407,1.0,1.0,1.0,1.0,1.0,0.055055856704711914
2408,1.0,1.0,1.0,1.0,1.0,0.0331118106842041
2409,1.0,1.0,1.0,1.0,1.0,0.05307626724243164
2410,1.0,1.0,1.0,1.0,1.0,0.03916573524475098
2411,1.0,1.0,1.0,1.0,1.0,0.035131216049194336
2412,1.0,1.0,1.0,1.0,1.0,0.0431065559387207
2413,1.0,1.0,1.0,1.0,1.0,0.0284273624420166
2414,1.0,1.0,1.0,1.0,1.0,0.024487733840942383
2415,1.0,1.0,1.0,1.0,1.0,0.041361331939697266
2416,1.0,1.0,1.0,1.0,1.0,0.055489301681518555
2417,1.0,1.0,1.0,1.0,1.0,0.02897047996520996
2418,1.0,1.0,1.0,1.0,1.0,0.03389120101928711
2419,1.0,1.0,1.0,1.0,1.0,0.029369115829467773
2420,1.0,1.0,1.0,1.0,1.0,0.04128694534301758
2421,1.0,1.0,1.0,1.0,1.0,0.03025960922241211
2422,1.0,1.0,1.0,1.0,1.0,0.04459333419799805
2423,1.0,1.0,1.0,1.0,1.0,0.03334665298461914
2424,1.0,1.0,1.0,1.0,1.0,0.02419137954711914
2425,1.0,1.0,1.0,1.0,1.0,0.033249616622924805
2426,1.0,1.0,1.0,1.0,1.0,0.03172779083251953
2427,1.0,1.0,1.0,1.0,1.0,0.042432546615600586
2428,1.0,1.0,1.0,1.0,1.0,0.04050135612487793
2429,1.0,1.0,1.0,1.0,1.0,0.03307628631591797
2430,1.0,1.0,1.0,1.0,1.0,0.0463564395904541
2431,1.0,1.0,1.0,1.0,1.0,0.03639936447143555
2432,1.0,1.0,1.0,1.0,1.0,0.0362856388092041
2433,1.0,1.0,1.0,1.0,1.0,0.037075042724609375
2434,1.0,1.0,1.0,1.0,1.0,0.04991412162780762
2435,1.0,1.0,1.0,1.0,1.0,0.049239397048950195
2436,1.0,1.0,1.0,1.0,1.0,0.05841255187988281
2437,1.0,1.0,1.0,1.0,1.0,0.05683636665344238
2438,1.0,1.0,1.0,1.0,1.0,0.06991052627563477
2439,1.0,1.0,1.0,1.0,1.0,0.06202292442321777
2440,1.0,1.0,1.0,1.0,1.0,0.06590676307678223
2441,1.0,1.0,1.0,1.0,1.0,0.11243319511413574
2442,1.0,1.0,1.0,1.0,1.0,0.06910324096679688
2443,1.0,1.0,1.0,1.0,1.0,0.052953243255615234
2444,1.0,1.0,1.0,1.0,1.0,0.04122805595397949
2445,1.0,1.0,1.0,1.0,1.0,0.041771650314331055
2446,1.0,1.0,1.0,1.0,1.0,0.057277679443359375
2447,1.0,1.0,1.0,1.0,1.0,0.06306886672973633
2448,1.0,1.0,1.0,1.0,1.0,0.042227983474731445
2449,1.0,1.0,1.0,1.0,1.0,0.053267717361450195
2450,1.0,1.0,1.0,1.0,1.0,0.0704505443572998
2451,1.0,1.0,1.0,1.0,1.0,0.07444238662719727
2452,1.0,1.0,1.0,1.0,1.0,0.07977771759033203
2453,1.0,1.0,1.0,1.0,1.0,0.06778645515441895
2454,1.0,1.0,1.0,1.0,1.0,0.07474303245544434
2455,1.0,1.0,1.0,1.0,1.0,0.06260919570922852
2456,1.0,1.0,1.0,1.0,1.0,0.04957127571105957
2457,1.0,1.0,1.0,1.0,1.0,0.04059910774230957
2458,1.0,1.0,1.0,1.0,1.0,0.07683372497558594
2459,1.0,1.0,1.0,1.0,1.0,0.04679417610168457
2460,1.0,1.0,1.0,1.0,1.0,0.05785942077636719
2461,1.0,1.0,1.0,1.0,1.0,0.06557559967041016
2462,1.0,1.0,1.0,1.0,1.0,0.033570289611816406
2463,1.0,1.0,1.0,1.0,1.0,0.03282880783081055
2464,1.0,1.0,1.0,1.0,1.0,0.024871826171875
2465,1.0,1.0,1.0,1.0,1.0,0.03490138053894043
2466,1.0,1.0,1.0,1.0,1.0,0.033050537109375
2467,1.0,1.0,1.0,1.0,1.0,0.030532360076904297
2468,1.0,1.0,1.0,1.0,1.0,0.04115486145019531
2469,1.0,1.0,1.0,1.0,1.0,0.03260612487792969
2470,1.0,1.0,1.0,1.0,1.0,0.0569913387298584
2471,1.0,1.0,1.0,1.0,1.0,0.024732351303100586
2472,1.0,1.0,1.0,1.0,1.0,0.032442569732666016
2473,1.0,1.0,1.0,1.0,1.0,0.058707475662231445
2474,1.0,1.0,1.0,1.0,1.0,0.04999899864196777
2475,1.0,1.0,1.0,1.0,1.0,0.04962730407714844
2476,1.0,1.0,1.0,1.0,1.0,0.02451014518737793
2477,1.0,1.0,1.0,1.0,1.0,0.03696870803833008
2478,1.0,1.0,1.0,1.0,1.0,0.03914022445678711
2479,1.0,1.0,1.0,1.0,1.0,0.055879831314086914
2480,1.0,1.0,1.0,1.0,1.0,0.0567018985748291
2481,1.0,1.0,1.0,1.0,1.0,0.034174442291259766
2482,1.0,1.0,1.0,1.0,1.0,0.03304624557495117
2483,1.0,1.0,1.0,1.0,1.0,0.03276944160461426
2484,1.0,1.0,1.0,1.0,1.0,0.040570735931396484
2485,1.0,1.0,1.0,1.0,1.0,0.03104424476623535
2486,1.0,1.0,1.0,1.0,1.0,0.03475785255432129
2487,1.0,1.0,1.0,1.0,1.0,0.041387081146240234
2488,1.0,1.0,1.0,1.0,1.0,0.02419114112854004
2489,1.0,1.0,1.0,1.0,1.0,0.0326848030090332
2490,1.0,1.0,1.0,1.0,1.0,0.032402992248535156
2491,1.0,1.0,1.0,1.0,1.0,0.040447235107421875
2492,1.0,1.0,1.0,1.0,1.0,0.024951934814453125
2493,1.0,1.0,1.0,1.0,1.0,0.04102206230163574
2494,1.0,1.0,1.0,1.0,1.0,0.04191756248474121
2495,1.0,1.0,1.0,1.0,1.0,0.03275036811828613
2496,1.0,1.0,1.0,1.0,1.0,0.05015993118286133
2497,1.0,1.0,1.0,1.0,1.0,0.026443004608154297
2498,1.0,1.0,1.0,1.0,1.0,0.025101423263549805
2499,1.0,1.0,1.0,1.0,1.0,0.03931546211242676
2500,1.0,1.0,1.0,1.0,1.0,0.03303360939025879
2501,1.0,1.0,1.0,1.0,1.0,0.032326459884643555
2502,1.0,1.0,1.0,1.0,1.0,0.07527565956115723
2503,1.0,1.0,1.0,1.0,1.0,0.07214498519897461
2504,1.0,1.0,1.0,1.0,1.0,0.03251385688781738
2505,1.0,1.0,1.0,1.0,1.0,0.03394269943237305
2506,1.0,1.0,1.0,1.0,1.0,0.024654626846313477
2507,1.0,1.0,1.0,1.0,1.0,0.050002336502075195
2508,1.0,1.0,1.0,1.0,1.0,0.049660444259643555
2509,1.0,1.0,1.0,1.0,1.0,0.04125547409057617
2510,1.0,1.0,1.0,1.0,1.0,0.024616241455078125
2511,1.0,1.0,1.0,1.0,1.0,0.025173187255859375
2512,1.0,1.0,1.0,1.0,1.0,0.03220653533935547
2513,1.0,1.0,1.0,1.0,1.0,0.04162931442260742
2514,1.0,1.0,1.0,1.0,1.0,0.041245460510253906
2515,1.0,1.0,1.0,1.0,1.0,0.04235672950744629
2516,1.0,1.0,1.0,1.0,1.0,0.03240394592285156
2517,1.0,1.0,1.0,1.0,1.0,0.03686881065368652
2518,1.0,0.5,0.5,1.0,0.6666666666666666,0.021503686904907227
2519,1.0,1.0,1.0,1.0,1.0,0.03258347511291504
2520,1.0,1.0,1.0,1.0,1.0,0.03267645835876465
2521,1.0,1.0,1.0,1.0,1.0,0.033101797103881836
2522,1.0,1.0,1.0,1.0,1.0,0.024768829345703125
2523,1.0,1.0,1.0,1.0,1.0,0.04977846145629883
2524,1.0,1.0,1.0,1.0,1.0,0.032215118408203125
2525,1.0,1.0,1.0,1.0,1.0,0.0539860725402832
2526,1.0,1.0,1.0,1.0,1.0,0.02806711196899414
2527,1.0,1.0,1.0,1.0,1.0,0.04883861541748047
2528,1.0,1.0,1.0,1.0,1.0,0.07365536689758301
2529,1.0,1.0,1.0,1.0,1.0,0.05773591995239258
2530,1.0,1.0,1.0,1.0,1.0,0.032470703125
2531,1.0,1.0,1.0,1.0,1.0,0.04181170463562012
2532,1.0,1.0,1.0,1.0,1.0,0.031157255172729492
2533,1.0,1.0,1.0,1.0,1.0,0.025040626525878906
2534,1.0,1.0,1.0,1.0,1.0,0.041547298431396484
2535,1.0,1.0,1.0,1.0,1.0,0.03326678276062012
2536,1.0,1.0,1.0,1.0,1.0,0.03285694122314453
2537,1.0,1.0,1.0,1.0,1.0,0.02363896369934082
2538,1.0,1.0,1.0,1.0,1.0,0.0654451847076416
2539,1.0,1.0,1.0,1.0,1.0,0.07625961303710938
2540,1.0,1.0,1.0,1.0,1.0,0.06344389915466309
2541,1.0,1.0,1.0,1.0,1.0,0.06270432472229004
2542,1.0,1.0,1.0,1.0,1.0,0.05420947074890137
2543,1.0,1.0,1.0,1.0,1.0,0.0615694522857666
2544,1.0,1.0,1.0,1.0,1.0,0.05242466926574707
2545,1.0,1.0,1.0,1.0,1.0,0.06013298034667969
2546,1.0,1.0,1.0,1.0,1.0,0.047451019287109375
2547,1.0,1.0,1.0,1.0,1.0,0.04180169105529785
2548,1.0,1.0,1.0,1.0,1.0,0.07755422592163086
2549,1.0,1.0,1.0,1.0,1.0,0.038609981536865234
2550,1.0,1.0,1.0,1.0,1.0,0.04735159873962402
2551,1.0,1.0,1.0,1.0,1.0,0.05969882011413574
2552,1.0,1.0,1.0,1.0,1.0,0.04101133346557617
2553,1.0,1.0,1.0,1.0,1.0,0.02886486053466797
2554,1.0,1.0,1.0,1.0,1.0,0.0494837760925293
2555,1.0,1.0,1.0,1.0,1.0,0.04510784149169922
2556,1.0,1.0,1.0,1.0,1.0,0.030498266220092773
2557,1.0,1.0,1.0,1.0,1.0,0.03011775016784668
2558,1.0,1.0,1.0,1.0,1.0,0.026615619659423828
2559,1.0,1.0,1.0,1.0,1.0,0.036306142807006836
2560,1.0,1.0,1.0,1.0,1.0,0.0209043025970459
2561,1.0,1.0,1.0,1.0,1.0,0.041135549545288086
2562,1.0,1.0,1.0,1.0,1.0,0.04154777526855469
2563,1.0,1.0,1.0,1.0,1.0,0.02485060691833496
2564,1.0,1.0,1.0,1.0,1.0,0.04957842826843262
2565,1.0,1.0,1.0,1.0,1.0,0.04027962684631348
2566,1.0,1.0,1.0,1.0,1.0,0.03877830505371094
2567,1.0,1.0,1.0,1.0,1.0,0.02802443504333496
2568,1.0,1.0,1.0,1.0,1.0,0.04242444038391113
2569,1.0,1.0,1.0,1.0,1.0,0.031981468200683594
2570,1.0,1.0,1.0,1.0,1.0,0.09075164794921875
2571,1.0,1.0,1.0,1.0,1.0,0.0321965217590332
2572,1.0,1.0,1.0,1.0,1.0,0.05798912048339844
2573,1.0,1.0,1.0,1.0,1.0,0.0577545166015625
2574,1.0,1.0,1.0,1.0,1.0,0.024687528610229492
2575,1.0,1.0,1.0,1.0,1.0,0.03581428527832031
2576,1.0,1.0,1.0,1.0,1.0,0.029354333877563477
2577,1.0,1.0,1.0,1.0,1.0,0.0423731803894043
2578,1.0,1.0,1.0,1.0,1.0,0.03014850616455078
2579,1.0,1.0,1.0,1.0,1.0,0.03438234329223633
2580,1.0,1.0,1.0,1.0,1.0,0.033321380615234375
2581,1.0,1.0,1.0,1.0,1.0,0.041652679443359375
2582,1.0,1.0,1.0,1.0,1.0,0.041144371032714844
2583,1.0,1.0,1.0,1.0,1.0,0.03213357925415039
2584,1.0,1.0,1.0,1.0,1.0,0.03521990776062012
2585,1.0,1.0,1.0,1.0,1.0,0.0331723690032959
2586,1.0,1.0,1.0,1.0,1.0,0.038320064544677734
2587,1.0,1.0,1.0,1.0,1.0,0.033476829528808594
2588,1.0,1.0,1.0,1.0,1.0,0.04312300682067871
2589,1.0,1.0,1.0,1.0,1.0,0.04724454879760742
2590,1.0,1.0,1.0,1.0,1.0,0.02865433692932129
2591,1.0,1.0,1.0,1.0,1.0,0.037543535232543945
2592,1.0,1.0,1.0,1.0,1.0,0.0575871467590332
2593,1.0,1.0,1.0,1.0,1.0,0.05379009246826172
2594,1.0,1.0,1.0,1.0,1.0,0.037248849868774414
2595,1.0,1.0,1.0,1.0,1.0,0.04944634437561035
2596,1.0,1.0,1.0,1.0,1.0,0.04936861991882324
2597,1.0,1.0,1.0,1.0,1.0,0.061342716217041016
2598,1.0,1.0,1.0,1.0,1.0,0.045906782150268555
2599,1.0,1.0,1.0,1.0,1.0,0.05886435508728027
2600,1.0,1.0,1.0,1.0,1.0,0.04177212715148926
2601,1.0,1.0,1.0,1.0,1.0,0.0367894172668457
2602,1.0,1.0,1.0,1.0,1.0,0.037203311920166016
2603,1.0,1.0,1.0,1.0,1.0,0.039399147033691406
2604,1.0,1.0,1.0,1.0,1.0,0.03334450721740723
2605,1.0,1.0,1.0,1.0,1.0,0.0327908992767334
2606,1.0,1.0,1.0,1.0,1.0,0.03313803672790527
2607,1.0,1.0,1.0,1.0,1.0,0.03506636619567871
2608,1.0,1.0,1.0,1.0,1.0,0.03820967674255371
2609,1.0,1.0,1.0,1.0,1.0,0.03288388252258301
2610,1.0,1.0,1.0,1.0,1.0,0.03297901153564453
2611,1.0,1.0,1.0,1.0,1.0,0.032622337341308594
2612,1.0,1.0,1.0,1.0,1.0,0.03702664375305176
2613,1.0,1.0,1.0,1.0,1.0,0.05498933792114258
2614,1.0,1.0,1.0,1.0,1.0,0.024089574813842773
2615,1.0,1.0,1.0,1.0,1.0,0.03317546844482422
2616,1.0,1.0,1.0,1.0,1.0,0.03248262405395508
2617,1.0,1.0,1.0,1.0,1.0,0.058617591857910156
2618,1.0,1.0,1.0,1.0,1.0,0.049291133880615234
2619,1.0,1.0,1.0,1.0,1.0,0.05735158920288086
2620,1.0,1.0,1.0,1.0,1.0,0.04538989067077637
2621,1.0,1.0,1.0,1.0,1.0,0.028384685516357422
2622,1.0,1.0,1.0,1.0,1.0,0.0487360954284668
2623,1.0,1.0,1.0,1.0,1.0,0.05086231231689453
2624,1.0,1.0,1.0,1.0,1.0,0.039125680923461914
2625,1.0,1.0,1.0,1.0,1.0,0.03244948387145996
2626,1.0,1.0,1.0,1.0,1.0,0.026784420013427734
2627,1.0,1.0,1.0,1.0,1.0,0.022261381149291992
2628,1.0,1.0,1.0,1.0,1.0,0.04086565971374512
2629,1.0,1.0,1.0,1.0,1.0,0.030443668365478516
2630,1.0,1.0,1.0,1.0,1.0,0.0267486572265625
2631,1.0,1.0,1.0,1.0,1.0,0.05172133445739746
2632,1.0,1.0,1.0,1.0,1.0,0.05054640769958496
2633,1.0,1.0,1.0,1.0,1.0,0.020400285720825195
2634,1.0,1.0,1.0,1.0,1.0,0.0409092903137207
2635,1.0,1.0,1.0,1.0,1.0,0.06357097625732422
2636,1.0,1.0,1.0,1.0,1.0,0.041388511657714844
2637,1.0,1.0,1.0,1.0,1.0,0.06112360954284668
2638,1.0,1.0,1.0,1.0,1.0,0.07588410377502441
2639,1.0,1.0,1.0,1.0,1.0,0.0774226188659668
2640,1.0,1.0,1.0,1.0,1.0,0.058029890060424805
2641,1.0,1.0,1.0,1.0,1.0,0.06003284454345703
2642,1.0,1.0,1.0,1.0,1.0,0.06410622596740723
2643,1.0,1.0,1.0,1.0,1.0,0.0742957592010498
2644,1.0,1.0,1.0,1.0,1.0,0.042107343673706055
2645,1.0,1.0,1.0,1.0,1.0,0.05700254440307617
2646,1.0,1.0,1.0,1.0,1.0,0.07401752471923828
2647,1.0,1.0,1.0,1.0,1.0,0.12766599655151367
2648,1.0,1.0,1.0,1.0,1.0,0.12906932830810547
2649,1.0,1.0,1.0,1.0,1.0,0.11101484298706055
2650,1.0,1.0,1.0,1.0,1.0,0.10497021675109863
2651,1.0,1.0,1.0,1.0,1.0,0.14412927627563477
2652,1.0,1.0,1.0,1.0,1.0,0.14467906951904297
2653,1.0,1.0,1.0,1.0,1.0,0.10171198844909668
2654,1.0,1.0,1.0,1.0,1.0,0.07681894302368164
2655,1.0,1.0,1.0,1.0,1.0,0.08463239669799805
2656,1.0,1.0,1.0,1.0,1.0,0.07179093360900879
2657,1.0,1.0,1.0,1.0,1.0,0.10758423805236816
2658,1.0,1.0,1.0,1.0,1.0,0.16287660598754883
2659,1.0,1.0,1.0,1.0,1.0,0.13058805465698242
2660,1.0,1.0,1.0,1.0,1.0,0.1142723560333252
2661,1.0,1.0,1.0,1.0,1.0,0.10004830360412598
2662,1.0,1.0,1.0,1.0,1.0,0.12131500244140625
2663,1.0,1.0,1.0,1.0,1.0,0.12743902206420898
2664,1.0,1.0,1.0,1.0,1.0,0.07575273513793945
2665,1.0,1.0,1.0,1.0,1.0,0.07003331184387207
2666,1.0,1.0,1.0,1.0,1.0,0.06748414039611816
2667,1.0,1.0,1.0,1.0,1.0,0.08968639373779297
2668,1.0,1.0,1.0,1.0,1.0,0.07397890090942383
2669,1.0,1.0,1.0,1.0,1.0,0.07355594635009766
2670,1.0,1.0,1.0,1.0,1.0,0.06597089767456055
2671,1.0,1.0,1.0,1.0,1.0,0.07458305358886719
2672,1.0,1.0,1.0,1.0,1.0,0.08581829071044922
2673,1.0,1.0,1.0,1.0,1.0,0.07953190803527832
2674,1.0,1.0,1.0,1.0,1.0,0.10520720481872559
2675,1.0,1.0,1.0,1.0,1.0,0.1159977912902832
2676,1.0,1.0,1.0,1.0,1.0,0.09995436668395996
2677,1.0,1.0,1.0,1.0,1.0,0.10481119155883789
2678,1.0,1.0,1.0,1.0,1.0,0.07933449745178223
2679,1.0,1.0,1.0,1.0,1.0,0.1462554931640625
2680,1.0,1.0,1.0,1.0,1.0,0.16640591621398926
2681,1.0,1.0,1.0,1.0,1.0,0.12842106819152832
2682,1.0,1.0,1.0,1.0,1.0,0.15321063995361328
2683,1.0,1.0,1.0,1.0,1.0,0.13507676124572754
2684,1.0,1.0,1.0,1.0,1.0,0.16446208953857422
2685,1.0,1.0,1.0,1.0,1.0,0.13789749145507812
2686,1.0,1.0,1.0,1.0,1.0,0.12146878242492676
2687,1.0,1.0,1.0,1.0,1.0,0.11800026893615723
2688,1.0,1.0,1.0,1.0,1.0,0.22675681114196777
2689,1.0,1.0,1.0,1.0,1.0,0.17235827445983887
2690,1.0,1.0,1.0,1.0,1.0,0.15613150596618652
2691,1.0,1.0,1.0,1.0,1.0,0.12485265731811523
2692,1.0,1.0,1.0,1.0,1.0,0.20458078384399414
2693,1.0,1.0,1.0,1.0,1.0,0.14055466651916504
2694,1.0,1.0,1.0,1.0,1.0,0.1476445198059082
2695,1.0,1.0,1.0,1.0,1.0,0.11136865615844727
2696,1.0,1.0,1.0,1.0,1.0,0.11325979232788086
2697,1.0,1.0,1.0,1.0,1.0,0.09775447845458984
2698,1.0,1.0,1.0,1.0,1.0,0.1255941390991211
2699,1.0,1.0,1.0,1.0,1.0,0.10968351364135742
2700,1.0,1.0,1.0,1.0,1.0,0.12083625793457031
2701,1.0,1.0,1.0,1.0,1.0,0.1149144172668457
2702,1.0,1.0,1.0,1.0,1.0,0.126617431640625
2703,1.0,1.0,1.0,1.0,1.0,0.11060595512390137
2704,1.0,1.0,1.0,1.0,1.0,0.11522030830383301
2705,1.0,1.0,1.0,1.0,1.0,0.12288856506347656
2706,1.0,1.0,1.0,1.0,1.0,0.11543607711791992
2707,1.0,1.0,1.0,1.0,1.0,0.09919905662536621
2708,1.0,1.0,1.0,1.0,1.0,0.09620380401611328
2709,1.0,1.0,1.0,1.0,1.0,0.10014891624450684
2710,1.0,1.0,1.0,1.0,1.0,0.1173095703125
2711,1.0,1.0,1.0,1.0,1.0,0.09089016914367676
2712,1.0,1.0,1.0,1.0,1.0,0.14331483840942383
2713,1.0,1.0,1.0,1.0,1.0,0.3113720417022705
2714,1.0,1.0,1.0,1.0,1.0,0.1823282241821289
2715,1.0,1.0,1.0,1.0,1.0,0.11290693283081055
2716,1.0,1.0,1.0,1.0,1.0,0.12418985366821289
2717,1.0,1.0,1.0,1.0,1.0,0.11365056037902832
2718,1.0,1.0,1.0,1.0,1.0,0.1042325496673584
2719,1.0,1.0,1.0,1.0,1.0,0.08999228477478027
2720,1.0,1.0,1.0,1.0,1.0,0.1894373893737793
2721,1.0,1.0,1.0,1.0,1.0,0.12338137626647949
2722,1.0,1.0,1.0,1.0,1.0,0.10884380340576172
2723,1.0,1.0,1.0,1.0,1.0,0.11276602745056152
2724,1.0,1.0,1.0,1.0,1.0,0.1582019329071045
2725,1.0,1.0,1.0,1.0,1.0,0.2396256923675537
2726,1.0,1.0,1.0,1.0,1.0,0.3646254539489746
2727,1.0,1.0,1.0,1.0,1.0,0.22982048988342285
2728,1.0,1.0,1.0,1.0,1.0,0.2132258415222168
2729,1.0,1.0,1.0,1.0,1.0,0.11216497421264648
2730,1.0,1.0,1.0,1.0,1.0,0.1415562629699707
2731,1.0,1.0,1.0,1.0,1.0,0.12063789367675781
2732,1.0,1.0,1.0,1.0,1.0,0.1223909854888916
2733,1.0,1.0,1.0,1.0,1.0,0.1411757469177246
2734,1.0,1.0,1.0,1.0,1.0,0.10716772079467773
2735,1.0,1.0,1.0,1.0,1.0,0.10893917083740234
2736,1.0,1.0,1.0,1.0,1.0,0.09375858306884766
2737,1.0,1.0,1.0,1.0,1.0,0.10949945449829102
2738,1.0,1.0,1.0,1.0,1.0,0.11050939559936523
2739,1.0,1.0,1.0,1.0,1.0,0.11990904808044434
2740,1.0,1.0,1.0,1.0,1.0,0.15013837814331055
2741,1.0,1.0,1.0,1.0,1.0,0.14661073684692383
2742,1.0,1.0,1.0,1.0,1.0,0.1396932601928711
2743,1.0,1.0,1.0,1.0,1.0,0.18758726119995117
2744,1.0,1.0,1.0,1.0,1.0,0.12401008605957031
2745,1.0,1.0,1.0,1.0,1.0,0.1188194751739502
2746,1.0,1.0,1.0,1.0,1.0,0.11998152732849121
2747,1.0,1.0,1.0,1.0,1.0,0.13906025886535645
2748,1.0,1.0,1.0,1.0,1.0,0.11661005020141602
2749,1.0,1.0,1.0,1.0,1.0,0.10704731941223145
2750,1.0,1.0,1.0,1.0,1.0,0.1531217098236084
2751,1.0,1.0,1.0,1.0,1.0,0.1446089744567871
2752,1.0,1.0,1.0,1.0,1.0,0.1451427936553955
2753,1.0,1.0,1.0,1.0,1.0,0.10909628868103027
2754,1.0,1.0,1.0,1.0,1.0,0.1334819793701172
2755,1.0,1.0,1.0,1.0,1.0,0.1375720500946045
2756,1.0,1.0,1.0,1.0,1.0,0.14008879661560059
2757,1.0,1.0,1.0,1.0,1.0,0.10895895957946777
2758,1.0,1.0,1.0,1.0,1.0,0.11388826370239258
2759,1.0,1.0,1.0,1.0,1.0,0.14263558387756348
2760,1.0,1.0,1.0,1.0,1.0,0.1392524242401123
2761,1.0,1.0,1.0,1.0,1.0,0.13928651809692383
2762,1.0,1.0,1.0,1.0,1.0,0.13778328895568848
2763,1.0,1.0,1.0,1.0,1.0,0.14622235298156738
2764,1.0,1.0,1.0,1.0,1.0,0.10367202758789062
2765,1.0,1.0,1.0,1.0,1.0,0.09257721900939941
2766,1.0,1.0,1.0,1.0,1.0,0.10887861251831055
2767,1.0,1.0,1.0,1.0,1.0,0.13484406471252441
2768,1.0,1.0,1.0,1.0,1.0,0.12404656410217285
2769,1.0,1.0,1.0,1.0,1.0,0.10941529273986816
2770,1.0,1.0,1.0,1.0,1.0,0.09695911407470703
2771,1.0,1.0,1.0,1.0,1.0,0.09512186050415039
2772,1.0,1.0,1.0,1.0,1.0,0.09109926223754883
2773,1.0,1.0,1.0,1.0,1.0,0.10055208206176758
2774,1.0,1.0,1.0,1.0,1.0,0.10017156600952148
2775,1.0,1.0,1.0,1.0,1.0,0.12013387680053711
2776,1.0,1.0,1.0,1.0,1.0,0.3216373920440674
2777,1.0,1.0,1.0,1.0,1.0,0.229050874710083
2778,1.0,1.0,1.0,1.0,1.0,0.18979859352111816
2779,1.0,1.0,1.0,1.0,1.0,0.14209961891174316
2780,1.0,1.0,1.0,1.0,1.0,0.11062335968017578
2781,1.0,1.0,1.0,1.0,1.0,0.11833381652832031
2782,1.0,1.0,1.0,1.0,1.0,0.1229562759399414
2783,1.0,1.0,1.0,1.0,1.0,0.12772321701049805
2784,1.0,1.0,1.0,1.0,1.0,0.21403026580810547
2785,1.0,1.0,1.0,1.0,1.0,0.12485814094543457
2786,1.0,1.0,1.0,1.0,1.0,0.18362689018249512
2787,1.0,1.0,1.0,1.0,1.0,0.3636741638183594
2788,1.0,1.0,1.0,1.0,1.0,0.525834321975708
2789,1.0,1.0,1.0,1.0,1.0,0.3302428722381592
2790,1.0,1.0,1.0,1.0,1.0,0.3365199565887451
2791,1.0,1.0,1.0,1.0,1.0,0.16287922859191895
2792,1.0,1.0,1.0,1.0,1.0,0.14683270454406738
2793,1.0,1.0,1.0,1.0,1.0,0.11083555221557617
2794,1.0,1.0,1.0,1.0,1.0,0.1368088722229004
2795,1.0,1.0,1.0,1.0,1.0,0.10146784782409668
2796,1.0,1.0,1.0,1.0,1.0,0.08817553520202637
2797,1.0,1.0,1.0,1.0,1.0,0.08808517456054688
2798,1.0,1.0,1.0,1.0,1.0,0.1522684097290039
2799,1.0,1.0,1.0,1.0,1.0,0.1268000602722168
2800,1.0,1.0,1.0,1.0,1.0,0.08864378929138184
2801,1.0,1.0,1.0,1.0,1.0,0.08892416954040527
2802,1.0,1.0,1.0,1.0,1.0,0.08048892021179199
2803,1.0,1.0,1.0,1.0,1.0,0.09508371353149414
2804,1.0,1.0,1.0,1.0,1.0,0.1444246768951416
2805,1.0,1.0,1.0,1.0,1.0,0.10372209548950195
2806,1.0,1.0,1.0,1.0,1.0,0.09363102912902832
2807,1.0,1.0,1.0,1.0,1.0,0.09500956535339355
2808,1.0,1.0,1.0,1.0,1.0,0.07923054695129395
2809,1.0,1.0,1.0,1.0,1.0,0.11112523078918457
2810,1.0,1.0,1.0,1.0,1.0,0.1107325553894043
2811,1.0,1.0,1.0,1.0,1.0,0.09538650512695312
2812,1.0,1.0,1.0,1.0,1.0,0.09563279151916504
2813,1.0,1.0,1.0,1.0,1.0,0.10978317260742188
2814,1.0,1.0,1.0,1.0,1.0,0.09994840621948242
2815,1.0,1.0,1.0,1.0,1.0,0.08956718444824219
2816,1.0,1.0,1.0,1.0,1.0,0.1116173267364502
2817,1.0,1.0,1.0,1.0,1.0,0.12846922874450684
2818,1.0,1.0,1.0,1.0,1.0,0.11185812950134277
2819,1.0,1.0,1.0,1.0,1.0,0.08442425727844238
2820,1.0,1.0,1.0,1.0,1.0,0.09018325805664062
2821,1.0,1.0,1.0,1.0,1.0,0.11081743240356445
2822,1.0,1.0,1.0,1.0,1.0,0.11982989311218262
2823,1.0,1.0,1.0,1.0,1.0,0.12190985679626465
2824,1.0,1.0,1.0,1.0,1.0,0.13431930541992188
2825,1.0,1.0,1.0,1.0,1.0,0.10437464714050293
2826,1.0,1.0,1.0,1.0,1.0,0.09506845474243164
2827,1.0,1.0,1.0,1.0,1.0,0.09337806701660156
2828,1.0,1.0,1.0,1.0,1.0,0.08876156806945801
2829,1.0,1.0,1.0,1.0,1.0,0.11970043182373047
2830,1.0,1.0,1.0,1.0,1.0,0.10972905158996582
2831,1.0,1.0,1.0,1.0,1.0,0.0795903205871582
2832,1.0,1.0,1.0,1.0,1.0,0.09524130821228027
2833,1.0,1.0,1.0,1.0,1.0,0.08142352104187012
2834,1.0,1.0,1.0,1.0,1.0,0.07986092567443848
2835,1.0,1.0,1.0,1.0,1.0,0.09365010261535645
2836,1.0,1.0,1.0,1.0,1.0,0.0793907642364502
2837,1.0,1.0,1.0,1.0,1.0,0.10013604164123535
2838,1.0,1.0,1.0,1.0,1.0,0.10570907592773438
2839,1.0,1.0,1.0,1.0,1.0,0.09629011154174805
2840,1.0,1.0,1.0,1.0,1.0,0.09521079063415527
2841,1.0,1.0,1.0,1.0,1.0,0.08279824256896973
2842,1.0,1.0,1.0,1.0,1.0,0.15335845947265625
2843,1.0,1.0,1.0,1.0,1.0,0.17820405960083008
2844,1.0,1.0,1.0,1.0,1.0,0.10843276977539062
2845,1.0,1.0,1.0,1.0,1.0,0.095367431640625
2846,1.0,1.0,1.0,1.0,1.0,0.09365248680114746
2847,1.0,1.0,1.0,1.0,1.0,0.12314081192016602
2848,1.0,1.0,1.0,1.0,1.0,0.12866711616516113
2849,1.0,1.0,1.0,1.0,1.0,0.13530755043029785
2850,1.0,1.0,1.0,1.0,1.0,0.15102124214172363
2851,1.0,1.0,1.0,1.0,1.0,0.1308917999267578
2852,1.0,1.0,1.0,1.0,1.0,0.15513181686401367
2853,1.0,1.0,1.0,1.0,1.0,0.2077648639678955
2854,1.0,1.0,1.0,1.0,1.0,0.14438271522521973
2855,1.0,1.0,1.0,1.0,1.0,0.221327543258667
2856,1.0,1.0,1.0,1.0,1.0,0.21454906463623047
2857,1.0,1.0,1.0,1.0,1.0,0.16551613807678223
2858,1.0,1.0,1.0,1.0,1.0,0.20374417304992676
2859,1.0,1.0,1.0,1.0,1.0,0.24638676643371582
2860,1.0,1.0,1.0,1.0,1.0,0.20039105415344238
2861,1.0,1.0,1.0,1.0,1.0,0.1783466339111328
2862,1.0,1.0,1.0,1.0,1.0,0.1932518482208252
2863,1.0,1.0,1.0,1.0,1.0,0.16792607307434082
2864,1.0,1.0,1.0,1.0,1.0,0.2374565601348877
2865,1.0,1.0,1.0,1.0,1.0,0.21382880210876465
2866,1.0,1.0,1.0,1.0,1.0,0.18044042587280273
2867,1.0,1.0,1.0,1.0,1.0,0.20847558975219727
2868,1.0,1.0,1.0,1.0,1.0,0.23642516136169434
2869,1.0,1.0,1.0,1.0,1.0,0.19084525108337402
2870,1.0,1.0,1.0,1.0,1.0,0.19392895698547363
2871,1.0,1.0,1.0,1.0,1.0,0.18921136856079102
2872,1.0,1.0,1.0,1.0,1.0,0.2083737850189209
2873,1.0,1.0,1.0,1.0,1.0,0.20932650566101074
2874,1.0,1.0,1.0,1.0,1.0,0.19205093383789062
2875,1.0,1.0,1.0,1.0,1.0,0.21867847442626953
2876,1.0,1.0,1.0,1.0,1.0,0.2059319019317627
2877,1.0,1.0,1.0,1.0,1.0,0.20180749893188477
2878,1.0,1.0,1.0,1.0,1.0,0.24617958068847656
2879,1.0,1.0,1.0,1.0,1.0,0.19054961204528809
2880,1.0,1.0,1.0,1.0,1.0,0.1673901081085205
2881,1.0,1.0,1.0,1.0,1.0,0.20534586906433105
2882,1.0,1.0,1.0,1.0,1.0,0.1837787628173828
2883,1.0,1.0,1.0,1.0,1.0,0.22156190872192383
2884,1.0,1.0,1.0,1.0,1.0,0.1905808448791504
2885,1.0,1.0,1.0,1.0,1.0,0.18488073348999023
2886,1.0,1.0,1.0,1.0,1.0,0.18560171127319336
2887,1.0,1.0,1.0,1.0,1.0,0.16052842140197754
2888,1.0,1.0,1.0,1.0,1.0,0.17623066902160645
2889,1.0,1.0,1.0,1.0,1.0,0.18470287322998047
2890,1.0,1.0,1.0,1.0,1.0,0.16440987586975098
2891,1.0,1.0,1.0,1.0,1.0,0.19437384605407715
2892,1.0,1.0,1.0,1.0,1.0,0.168410062789917
2893,1.0,1.0,1.0,1.0,1.0,0.1569979190826416
2894,1.0,1.0,1.0,1.0,1.0,0.17025470733642578
2895,1.0,1.0,1.0,1.0,1.0,0.21633267402648926
2896,1.0,1.0,1.0,1.0,1.0,0.17800116539001465
2897,1.0,1.0,1.0,1.0,1.0,0.31191539764404297
2898,1.0,1.0,1.0,1.0,1.0,0.357180118560791
2899,1.0,1.0,1.0,1.0,1.0,0.2556641101837158
2900,1.0,1.0,1.0,1.0,1.0,0.1713094711303711
2901,1.0,1.0,1.0,1.0,1.0,0.10836338996887207
2902,1.0,1.0,1.0,1.0,1.0,0.11467790603637695
2903,1.0,1.0,1.0,1.0,1.0,0.11181163787841797
2904,1.0,1.0,1.0,1.0,1.0,0.09828066825866699
2905,1.0,1.0,1.0,1.0,1.0,0.10106873512268066
2906,1.0,1.0,1.0,1.0,1.0,0.10205411911010742
2907,1.0,1.0,1.0,1.0,1.0,0.10120916366577148
2908,1.0,1.0,1.0,1.0,1.0,0.10111212730407715
2909,1.0,1.0,1.0,1.0,1.0,0.1089475154876709
2910,1.0,1.0,1.0,1.0,1.0,0.11121845245361328
2911,1.0,1.0,1.0,1.0,1.0,0.11107683181762695
2912,1.0,1.0,1.0,1.0,1.0,0.10988759994506836
2913,1.0,1.0,1.0,1.0,1.0,0.10855603218078613
2914,1.0,1.0,1.0,1.0,1.0,0.10699582099914551
2915,1.0,1.0,1.0,1.0,1.0,0.11828017234802246
2916,1.0,1.0,1.0,1.0,1.0,0.10480904579162598
2917,1.0,1.0,1.0,1.0,1.0,0.10894250869750977
2918,1.0,1.0,1.0,1.0,1.0,0.11612296104431152
2919,1.0,1.0,1.0,1.0,1.0,0.12774157524108887
2920,1.0,1.0,1.0,1.0,1.0,0.12021183967590332
2921,1.0,1.0,1.0,1.0,1.0,0.1279764175415039
2922,1.0,1.0,1.0,1.0,1.0,0.15459394454956055
2923,1.0,1.0,1.0,1.0,1.0,0.13140225410461426
2924,1.0,1.0,1.0,1.0,1.0,0.14458060264587402
2925,1.0,1.0,1.0,1.0,1.0,0.12729620933532715
2926,1.0,1.0,1.0,1.0,1.0,0.11171364784240723
2927,1.0,1.0,1.0,1.0,1.0,0.12094616889953613
2928,1.0,1.0,1.0,1.0,1.0,0.140455961227417
2929,1.0,1.0,1.0,1.0,1.0,0.11347007751464844
2930,1.0,1.0,1.0,1.0,1.0,0.1248941421508789
2931,1.0,1.0,1.0,1.0,1.0,0.17981767654418945
2932,1.0,1.0,1.0,1.0,1.0,0.1471269130706787
2933,1.0,1.0,1.0,1.0,1.0,0.1350724697113037
2934,1.0,1.0,1.0,1.0,1.0,0.09058117866516113
2935,1.0,1.0,1.0,1.0,1.0,0.11790776252746582
2936,1.0,1.0,1.0,1.0,1.0,0.10810613632202148
2937,1.0,1.0,1.0,1.0,1.0,0.10199117660522461
2938,1.0,1.0,1.0,1.0,1.0,0.09625029563903809
2939,1.0,1.0,1.0,1.0,1.0,0.12602567672729492
2940,1.0,1.0,1.0,1.0,1.0,0.1250324249267578
2941,1.0,1.0,1.0,1.0,1.0,0.15357732772827148
2942,1.0,1.0,1.0,1.0,1.0,0.13989043235778809
2943,1.0,1.0,1.0,1.0,1.0,0.21718716621398926
2944,1.0,1.0,1.0,1.0,1.0,0.4096806049346924
2945,1.0,1.0,1.0,1.0,1.0,0.4203152656555176
2946,1.0,1.0,1.0,1.0,1.0,0.5253534317016602
2947,1.0,1.0,1.0,1.0,1.0,0.30727624893188477
2948,1.0,1.0,1.0,1.0,1.0,0.24668526649475098
2949,1.0,1.0,1.0,1.0,1.0,0.14328479766845703
2950,1.0,1.0,1.0,1.0,1.0,0.11636781692504883
2951,1.0,1.0,1.0,1.0,1.0,0.11814308166503906
2952,1.0,1.0,1.0,1.0,1.0,0.13214397430419922
2953,1.0,1.0,1.0,1.0,1.0,0.13916754722595215
2954,1.0,1.0,1.0,1.0,1.0,0.11804723739624023
2955,1.0,1.0,1.0,1.0,1.0,0.11807394027709961
2956,1.0,1.0,1.0,1.0,1.0,0.11800765991210938
2957,1.0,1.0,1.0,1.0,1.0,0.13167977333068848
2958,1.0,1.0,1.0,1.0,1.0,0.1254889965057373
2959,1.0,1.0,1.0,1.0,1.0,0.1371297836303711
2960,1.0,1.0,1.0,1.0,1.0,0.13889551162719727
2961,1.0,1.0,1.0,1.0,1.0,0.13959121704101562
2962,1.0,1.0,1.0,1.0,1.0,0.12462162971496582
2963,1.0,1.0,1.0,1.0,1.0,0.13348722457885742
2964,1.0,1.0,1.0,1.0,1.0,0.1529543399810791
2965,1.0,1.0,1.0,1.0,1.0,0.1276698112487793
2966,1.0,1.0,1.0,1.0,1.0,0.11468076705932617
2967,1.0,1.0,1.0,1.0,1.0,0.12394523620605469
2968,1.0,1.0,1.0,1.0,1.0,0.12673735618591309
2969,1.0,1.0,1.0,1.0,1.0,0.14560556411743164
2970,1.0,1.0,1.0,1.0,1.0,0.12308835983276367
2971,1.0,1.0,1.0,1.0,1.0,0.12172436714172363
2972,1.0,1.0,1.0,1.0,1.0,0.15883159637451172
2973,1.0,1.0,1.0,1.0,1.0,0.16416454315185547
2974,1.0,1.0,1.0,1.0,1.0,0.13587141036987305
2975,1.0,1.0,1.0,1.0,1.0,0.11421942710876465
2976,1.0,1.0,1.0,1.0,1.0,0.13466691970825195
2977,1.0,1.0,1.0,1.0,1.0,0.11503338813781738
2978,1.0,1.0,1.0,1.0,1.0,0.16652870178222656
2979,1.0,1.0,1.0,1.0,1.0,0.12500309944152832
2980,1.0,1.0,1.0,1.0,1.0,0.13374590873718262
2981,1.0,1.0,1.0,1.0,1.0,0.18592500686645508
2982,1.0,1.0,1.0,1.0,1.0,0.13141512870788574
2983,1.0,1.0,1.0,1.0,1.0,0.09840154647827148
2984,1.0,1.0,1.0,1.0,1.0,0.09198713302612305
2985,1.0,1.0,1.0,1.0,1.0,0.09526348114013672
2986,1.0,1.0,1.0,1.0,1.0,0.0788426399230957
2987,1.0,1.0,1.0,1.0,1.0,0.09527897834777832
2988,1.0,1.0,1.0,1.0,1.0,0.0952444076538086
2989,1.0,1.0,1.0,1.0,1.0,0.1182553768157959
2990,1.0,1.0,1.0,1.0,1.0,0.12160801887512207
2991,1.0,1.0,1.0,1.0,1.0,0.07893586158752441
2992,1.0,1.0,1.0,1.0,1.0,0.11107230186462402
2993,1.0,1.0,1.0,1.0,1.0,0.0816793441772461
2994,1.0,1.0,1.0,1.0,1.0,0.0939474105834961
2995,1.0,1.0,1.0,1.0,1.0,0.09481620788574219
2996,1.0,1.0,1.0,1.0,1.0,0.15303635597229004
2997,1.0,1.0,1.0,1.0,1.0,0.11976742744445801
2998,1.0,1.0,1.0,1.0,1.0,0.1250929832458496
2999,1.0,1.0,1.0,1.0,1.0,0.12486386299133301
3000,1.0,1.0,1.0,1.0,1.0,0.1341102123260498
3001,1.0,1.0,1.0,1.0,1.0,0.38742804527282715
3002,1.0,1.0,1.0,1.0,1.0,0.23894762992858887
3003,1.0,1.0,1.0,1.0,1.0,0.1920180320739746
3004,1.0,1.0,1.0,1.0,1.0,0.24655604362487793
3005,1.0,1.0,1.0,1.0,1.0,0.20389962196350098
3006,1.0,1.0,1.0,1.0,1.0,0.17071914672851562
3007,1.0,1.0,1.0,1.0,1.0,0.11390423774719238
3008,1.0,1.0,1.0,1.0,1.0,0.1361253261566162
3009,1.0,1.0,1.0,1.0,1.0,0.14205694198608398
3010,1.0,1.0,1.0,1.0,1.0,0.17332124710083008
3011,1.0,1.0,1.0,1.0,1.0,0.13154363632202148
3012,1.0,1.0,1.0,1.0,1.0,0.14075756072998047
3013,1.0,1.0,1.0,1.0,1.0,0.12466955184936523
3014,1.0,1.0,1.0,1.0,1.0,0.16209888458251953
3015,1.0,1.0,1.0,1.0,1.0,0.16525721549987793
3016,1.0,1.0,1.0,1.0,1.0,0.14379072189331055
3017,1.0,1.0,1.0,1.0,1.0,0.14777755737304688
3018,1.0,1.0,1.0,1.0,1.0,0.15050363540649414
3019,1.0,1.0,1.0,1.0,1.0,0.14273428916931152
3020,1.0,1.0,1.0,1.0,1.0,0.15107512474060059
3021,1.0,1.0,1.0,1.0,1.0,0.14481449127197266
3022,1.0,1.0,1.0,1.0,1.0,0.13389992713928223
3023,1.0,1.0,1.0,1.0,1.0,0.11649203300476074
3024,1.0,1.0,1.0,1.0,1.0,0.13779997825622559
3025,1.0,1.0,1.0,1.0,1.0,0.12455153465270996
3026,1.0,1.0,1.0,1.0,1.0,0.11818528175354004
3027,1.0,1.0,1.0,1.0,1.0,0.11148667335510254
3028,1.0,1.0,1.0,1.0,1.0,0.10593676567077637
3029,1.0,1.0,1.0,1.0,1.0,0.12547016143798828
3030,1.0,1.0,1.0,1.0,1.0,0.11561441421508789
3031,1.0,1.0,1.0,1.0,1.0,0.1357119083404541
3032,1.0,1.0,1.0,1.0,1.0,0.14587831497192383
3033,1.0,1.0,1.0,1.0,1.0,0.1755504608154297
3034,1.0,1.0,1.0,1.0,1.0,0.14673924446105957
3035,1.0,1.0,1.0,1.0,1.0,0.16771531105041504
3036,1.0,1.0,1.0,1.0,1.0,0.1752779483795166
3037,1.0,1.0,1.0,1.0,1.0,0.16151833534240723
3038,1.0,1.0,1.0,1.0,1.0,0.12798500061035156
3039,1.0,1.0,1.0,1.0,1.0,0.13867855072021484
3040,1.0,1.0,1.0,1.0,1.0,0.1198875904083252
3041,1.0,1.0,1.0,1.0,1.0,0.11644649505615234
3042,1.0,1.0,1.0,1.0,1.0,0.11450314521789551
3043,1.0,1.0,1.0,1.0,1.0,0.12287044525146484
3044,1.0,1.0,1.0,1.0,1.0,0.12605929374694824
3045,1.0,1.0,1.0,1.0,1.0,0.12783098220825195
3046,1.0,1.0,1.0,1.0,1.0,0.1214604377746582
3047,1.0,1.0,1.0,1.0,1.0,0.12471222877502441
3048,1.0,1.0,1.0,1.0,1.0,0.13489770889282227
3049,1.0,1.0,1.0,1.0,1.0,0.19438695907592773
3050,1.0,1.0,1.0,1.0,1.0,0.1664266586303711
3051,1.0,1.0,1.0,1.0,1.0,0.20712733268737793
3052,1.0,1.0,1.0,1.0,1.0,0.1318216323852539
3053,1.0,1.0,1.0,1.0,1.0,0.136244535446167
3054,1.0,1.0,1.0,1.0,1.0,0.12232208251953125
3055,1.0,1.0,1.0,1.0,1.0,0.1276414394378662
3056,1.0,1.0,1.0,1.0,1.0,0.1127009391784668
3057,1.0,1.0,1.0,1.0,1.0,0.11681079864501953
3058,1.0,1.0,1.0,1.0,1.0,0.11728763580322266
3059,1.0,1.0,1.0,1.0,1.0,0.11837363243103027
3060,1.0,1.0,1.0,1.0,1.0,0.1058053970336914
3061,1.0,1.0,1.0,1.0,1.0,0.11701726913452148
3062,1.0,1.0,1.0,1.0,1.0,0.11025166511535645
3063,1.0,1.0,1.0,1.0,1.0,0.12041234970092773
3064,1.0,1.0,1.0,1.0,1.0,0.12186121940612793
3065,1.0,1.0,1.0,1.0,1.0,0.11361074447631836
3066,1.0,1.0,1.0,1.0,1.0,0.1331498622894287
3067,1.0,1.0,1.0,1.0,1.0,0.1008913516998291
3068,1.0,1.0,1.0,1.0,1.0,0.11853933334350586
3069,1.0,1.0,1.0,1.0,1.0,0.10117435455322266
3070,1.0,1.0,1.0,1.0,1.0,0.10727477073669434
3071,1.0,1.0,1.0,1.0,1.0,0.08994388580322266
3072,1.0,1.0,1.0,1.0,1.0,0.10981202125549316
3073,1.0,1.0,1.0,1.0,1.0,0.09841370582580566
3074,1.0,1.0,1.0,1.0,1.0,0.08333826065063477
3075,1.0,1.0,1.0,1.0,1.0,0.08338308334350586
3076,1.0,1.0,1.0,1.0,1.0,0.10768389701843262
3077,1.0,1.0,1.0,1.0,1.0,0.10088920593261719
3078,1.0,1.0,1.0,1.0,1.0,0.09415173530578613
3079,1.0,1.0,1.0,1.0,1.0,0.11408519744873047
3080,1.0,1.0,1.0,1.0,1.0,0.09867429733276367
3081,1.0,1.0,1.0,1.0,1.0,0.10968852043151855
3082,1.0,1.0,1.0,1.0,1.0,0.11668992042541504
3083,1.0,1.0,1.0,1.0,1.0,0.09855437278747559
3084,1.0,1.0,1.0,1.0,1.0,0.1045386791229248
3085,1.0,1.0,1.0,1.0,1.0,0.10400032997131348
3086,1.0,1.0,1.0,1.0,1.0,0.11123800277709961
3087,1.0,1.0,1.0,1.0,1.0,0.09678411483764648
3088,1.0,1.0,1.0,1.0,1.0,0.11131548881530762
3089,1.0,1.0,1.0,1.0,1.0,0.10319876670837402
3090,1.0,1.0,1.0,1.0,1.0,0.10532307624816895
3091,1.0,1.0,1.0,1.0,1.0,0.1071631908416748
3092,1.0,1.0,1.0,1.0,1.0,0.1148066520690918
3093,1.0,1.0,1.0,1.0,1.0,0.10753560066223145
3094,1.0,1.0,1.0,1.0,1.0,0.09694242477416992
3095,1.0,1.0,1.0,1.0,1.0,0.11122775077819824
3096,1.0,1.0,1.0,1.0,1.0,0.10703134536743164
3097,1.0,1.0,1.0,1.0,1.0,0.11015796661376953
3098,1.0,1.0,1.0,1.0,1.0,0.13484621047973633
3099,1.0,1.0,1.0,1.0,1.0,0.06469368934631348
3100,1.0,1.0,1.0,1.0,1.0,0.066162109375
3101,1.0,1.0,1.0,1.0,1.0,0.039385080337524414
3102,1.0,1.0,1.0,1.0,1.0,0.04234504699707031
3103,1.0,1.0,1.0,1.0,1.0,0.03201174736022949
3104,1.0,1.0,1.0,1.0,1.0,0.05558300018310547
3105,1.0,1.0,1.0,1.0,1.0,0.057599544525146484
3106,1.0,1.0,1.0,1.0,1.0,0.04656481742858887
3107,1.0,1.0,1.0,1.0,1.0,0.03739643096923828
3108,1.0,1.0,1.0,1.0,1.0,0.04589676856994629
3109,1.0,1.0,1.0,1.0,1.0,0.043230533599853516
3110,1.0,1.0,1.0,1.0,1.0,0.03330874443054199
3111,1.0,1.0,1.0,1.0,1.0,0.0484466552734375
3112,1.0,1.0,1.0,1.0,1.0,0.021500349044799805
3113,1.0,1.0,1.0,1.0,1.0,0.04450726509094238
3114,1.0,1.0,1.0,1.0,1.0,0.040155887603759766
3115,1.0,1.0,1.0,1.0,1.0,0.03289031982421875
3116,1.0,1.0,1.0,1.0,1.0,0.03456282615661621
3117,1.0,1.0,1.0,1.0,1.0,0.0346980094909668
3118,1.0,1.0,1.0,1.0,1.0,0.10118269920349121
3119,1.0,1.0,1.0,1.0,1.0,0.2566685676574707
3120,1.0,1.0,1.0,1.0,1.0,0.07668542861938477
3121,1.0,1.0,1.0,1.0,1.0,0.039435625076293945
3122,1.0,1.0,1.0,1.0,1.0,0.03947806358337402
3123,1.0,1.0,1.0,1.0,1.0,0.05104875564575195
3124,1.0,1.0,1.0,1.0,1.0,0.06057119369506836
3125,1.0,1.0,1.0,1.0,1.0,0.04855489730834961
3126,1.0,1.0,1.0,1.0,1.0,0.03630852699279785
3127,1.0,1.0,1.0,1.0,1.0,0.03938937187194824
3128,1.0,1.0,1.0,1.0,1.0,0.03546929359436035
3129,1.0,1.0,1.0,1.0,1.0,0.02432084083557129
3130,1.0,1.0,1.0,1.0,1.0,0.03130769729614258
3131,1.0,1.0,1.0,1.0,1.0,0.03491973876953125
3132,1.0,1.0,1.0,1.0,1.0,0.034529685974121094
3133,1.0,1.0,1.0,1.0,1.0,0.041961669921875
3134,1.0,1.0,1.0,1.0,1.0,0.04690241813659668
3135,1.0,0.5,0.5,1.0,0.6666666666666666,0.03610801696777344
3136,1.0,1.0,1.0,1.0,1.0,0.024504661560058594
3137,1.0,1.0,1.0,1.0,1.0,0.04010009765625
3138,1.0,1.0,1.0,1.0,1.0,0.04813981056213379
3139,1.0,1.0,1.0,1.0,1.0,0.036782026290893555
3140,1.0,1.0,1.0,1.0,1.0,0.04848480224609375
3141,1.0,1.0,1.0,1.0,1.0,0.06594204902648926
3142,1.0,1.0,1.0,1.0,1.0,0.041890859603881836
3143,1.0,1.0,1.0,1.0,1.0,0.05059194564819336
3144,1.0,1.0,1.0,1.0,1.0,0.03246760368347168
3145,1.0,1.0,1.0,1.0,1.0,0.0416262149810791
3146,1.0,1.0,1.0,1.0,1.0,0.02780604362487793
3147,1.0,1.0,1.0,1.0,1.0,0.03836226463317871
3148,1.0,1.0,1.0,1.0,1.0,0.017180442810058594
3149,1.0,1.0,1.0,1.0,1.0,0.0418400764465332
3150,1.0,1.0,1.0,1.0,1.0,0.04145622253417969
3151,1.0,1.0,1.0,1.0,1.0,0.03478550910949707
3152,1.0,1.0,1.0,1.0,1.0,0.022687911987304688
3153,1.0,1.0,1.0,1.0,1.0,0.036936044692993164
3154,1.0,1.0,1.0,1.0,1.0,0.030597209930419922
3155,1.0,1.0,1.0,1.0,1.0,0.028394460678100586
3156,1.0,1.0,1.0,1.0,1.0,0.06984233856201172
3157,1.0,1.0,1.0,1.0,1.0,0.10607218742370605
3158,1.0,1.0,1.0,1.0,1.0,0.24085068702697754
3159,1.0,1.0,1.0,1.0,1.0,0.3179476261138916
3160,1.0,1.0,1.0,1.0,1.0,0.17850852012634277
3161,1.0,1.0,1.0,1.0,1.0,0.17264628410339355
3162,1.0,1.0,1.0,1.0,1.0,0.14582252502441406
3163,1.0,1.0,1.0,1.0,1.0,0.17140603065490723
3164,1.0,1.0,1.0,1.0,1.0,0.13254642486572266
3165,1.0,1.0,1.0,1.0,1.0,0.17647814750671387
3166,1.0,1.0,1.0,1.0,1.0,0.11905097961425781
3167,1.0,1.0,1.0,1.0,1.0,0.11593914031982422
3168,1.0,1.0,1.0,1.0,1.0,0.11075115203857422
3169,1.0,1.0,1.0,1.0,1.0,0.11144328117370605
3170,1.0,1.0,1.0,1.0,1.0,0.11262083053588867
3171,1.0,1.0,1.0,1.0,1.0,0.1250286102294922
3172,1.0,1.0,1.0,1.0,1.0,0.11385655403137207
3173,1.0,1.0,1.0,1.0,1.0,0.10517168045043945
3174,1.0,1.0,1.0,1.0,1.0,0.10188698768615723
3175,1.0,1.0,1.0,1.0,1.0,0.09617829322814941
3176,1.0,1.0,1.0,1.0,1.0,0.10703611373901367
3177,1.0,1.0,1.0,1.0,1.0,0.1035459041595459
3178,1.0,1.0,1.0,1.0,1.0,0.1113436222076416
3179,1.0,1.0,1.0,1.0,1.0,0.13551020622253418
3180,1.0,1.0,1.0,1.0,1.0,0.10878252983093262
3181,1.0,1.0,1.0,1.0,1.0,0.2224407196044922
3182,1.0,1.0,1.0,1.0,1.0,0.13306570053100586
3183,1.0,1.0,1.0,1.0,1.0,0.1998741626739502
3184,1.0,1.0,1.0,1.0,1.0,0.1232297420501709
3185,1.0,1.0,1.0,1.0,1.0,0.10532641410827637
3186,1.0,1.0,1.0,1.0,1.0,0.11764836311340332
3187,1.0,1.0,1.0,1.0,1.0,0.0986635684967041
3188,1.0,1.0,1.0,1.0,1.0,0.10349225997924805
3189,1.0,1.0,1.0,1.0,1.0,0.11101126670837402
3190,1.0,1.0,1.0,1.0,1.0,0.10325193405151367
3191,1.0,1.0,1.0,1.0,1.0,0.10481667518615723
3192,1.0,1.0,1.0,1.0,1.0,0.11013412475585938
3193,1.0,1.0,1.0,1.0,1.0,0.10114860534667969
3194,1.0,1.0,1.0,1.0,1.0,0.10432910919189453
3195,1.0,1.0,1.0,1.0,1.0,0.13173389434814453
3196,1.0,1.0,1.0,1.0,1.0,0.11358451843261719
3197,1.0,1.0,1.0,1.0,1.0,0.1895296573638916
3198,1.0,1.0,1.0,1.0,1.0,0.1900496482849121
3199,1.0,1.0,1.0,1.0,1.0,0.257047176361084
3200,1.0,1.0,1.0,1.0,1.0,0.23651862144470215
3201,1.0,1.0,1.0,1.0,1.0,0.23747873306274414
3202,1.0,1.0,1.0,1.0,1.0,0.19266223907470703
3203,1.0,1.0,1.0,1.0,1.0,0.23216652870178223
3204,1.0,1.0,1.0,1.0,1.0,0.10559868812561035
3205,1.0,1.0,1.0,1.0,1.0,0.14616751670837402
3206,1.0,1.0,1.0,1.0,1.0,0.10974955558776855
3207,1.0,1.0,1.0,1.0,1.0,0.12043023109436035
3208,1.0,1.0,1.0,1.0,1.0,0.15409278869628906
3209,1.0,1.0,1.0,1.0,1.0,0.12475275993347168
3210,1.0,1.0,1.0,1.0,1.0,0.0673830509185791
3211,1.0,1.0,1.0,1.0,1.0,0.05101966857910156
3212,1.0,1.0,1.0,1.0,1.0,0.0547947883605957
3213,1.0,1.0,1.0,1.0,1.0,0.06809568405151367
3214,1.0,1.0,1.0,1.0,1.0,0.05698823928833008
3215,1.0,1.0,1.0,1.0,1.0,0.05254983901977539
3216,1.0,1.0,1.0,1.0,1.0,0.07809114456176758
3217,1.0,1.0,1.0,1.0,1.0,0.036196231842041016
3218,1.0,1.0,1.0,1.0,1.0,0.07006072998046875
3219,1.0,1.0,1.0,1.0,1.0,0.05492997169494629
3220,1.0,1.0,1.0,1.0,1.0,0.05678248405456543
3221,1.0,1.0,1.0,1.0,1.0,0.054804086685180664
3222,1.0,1.0,1.0,1.0,1.0,0.04817938804626465
3223,1.0,1.0,1.0,1.0,1.0,0.0900428295135498
3224,1.0,1.0,1.0,1.0,1.0,0.05973076820373535
3225,1.0,1.0,1.0,1.0,1.0,0.03432178497314453
3226,1.0,1.0,1.0,1.0,1.0,0.05237722396850586
3227,1.0,1.0,1.0,1.0,1.0,0.043247222900390625
3228,1.0,1.0,1.0,1.0,1.0,0.04753541946411133
3229,1.0,1.0,1.0,1.0,1.0,0.03795981407165527
3230,1.0,0.5,0.5,1.0,0.6666666666666666,0.030464887619018555
3231,1.0,1.0,1.0,1.0,1.0,0.043618202209472656
3232,1.0,1.0,1.0,1.0,1.0,0.06822657585144043
3233,1.0,1.0,1.0,1.0,1.0,0.04111886024475098
3234,1.0,1.0,1.0,1.0,1.0,0.02368903160095215
3235,1.0,1.0,1.0,1.0,1.0,0.04055452346801758
3236,1.0,1.0,1.0,1.0,1.0,0.03307938575744629
3237,1.0,1.0,1.0,1.0,1.0,0.028074026107788086
3238,1.0,1.0,1.0,1.0,1.0,0.0244600772857666
3239,1.0,1.0,1.0,1.0,1.0,0.03987622261047363
3240,1.0,1.0,1.0,1.0,1.0,0.040313720703125
3241,1.0,1.0,1.0,1.0,1.0,0.02663898468017578
3242,1.0,1.0,1.0,1.0,1.0,0.04358363151550293
3243,1.0,1.0,1.0,1.0,1.0,0.04849696159362793
3244,1.0,1.0,1.0,1.0,1.0,0.06235313415527344
3245,1.0,1.0,1.0,1.0,1.0,0.044069766998291016
3246,1.0,1.0,1.0,1.0,1.0,0.03287553787231445
3247,1.0,1.0,1.0,1.0,1.0,0.036455392837524414
3248,1.0,1.0,1.0,1.0,1.0,0.03095841407775879
3249,1.0,1.0,1.0,1.0,1.0,0.0418238639831543
3250,1.0,1.0,1.0,1.0,1.0,0.04184889793395996
3251,1.0,1.0,1.0,1.0,1.0,0.041672706604003906
3252,1.0,1.0,1.0,1.0,1.0,0.049634695053100586
3253,1.0,1.0,1.0,1.0,1.0,0.03595328330993652
3254,1.0,1.0,1.0,1.0,1.0,0.025179147720336914
3255,1.0,1.0,1.0,1.0,1.0,0.016500473022460938
3256,1.0,1.0,1.0,1.0,1.0,0.04109311103820801
3257,1.0,1.0,1.0,1.0,1.0,0.025694847106933594
3258,1.0,1.0,1.0,1.0,1.0,0.023524999618530273
3259,1.0,1.0,1.0,1.0,1.0,0.03209185600280762
3260,1.0,1.0,1.0,1.0,1.0,0.0189816951751709
3261,1.0,1.0,1.0,1.0,1.0,0.022534608840942383
3262,1.0,1.0,1.0,1.0,1.0,0.0346989631652832
3263,1.0,1.0,1.0,1.0,1.0,0.01656365394592285
3264,1.0,1.0,1.0,1.0,1.0,0.034290313720703125
3265,1.0,1.0,1.0,1.0,1.0,0.029539108276367188
3266,1.0,1.0,1.0,1.0,1.0,0.009851932525634766
3267,1.0,1.0,1.0,1.0,1.0,0.03636527061462402
3268,1.0,1.0,1.0,1.0,1.0,0.016370534896850586
3269,1.0,1.0,1.0,1.0,1.0,0.030579090118408203
3270,1.0,1.0,1.0,1.0,1.0,0.034943342208862305
3271,1.0,1.0,1.0,1.0,1.0,0.03832650184631348
3272,1.0,1.0,1.0,1.0,1.0,0.03282356262207031
3273,1.0,1.0,1.0,1.0,1.0,0.018920421600341797
3274,1.0,1.0,1.0,1.0,1.0,0.04166889190673828
3275,1.0,1.0,1.0,1.0,1.0,0.02795577049255371
3276,1.0,1.0,1.0,1.0,1.0,0.022431373596191406
3277,1.0,1.0,1.0,1.0,1.0,0.026308059692382812
3278,1.0,1.0,1.0,1.0,1.0,0.02638411521911621
3279,1.0,1.0,1.0,1.0,1.0,0.025057315826416016
3280,1.0,1.0,1.0,1.0,1.0,0.03167438507080078
3281,1.0,1.0,1.0,1.0,1.0,0.031018733978271484
3282,1.0,1.0,1.0,1.0,1.0,0.028868675231933594
3283,1.0,1.0,1.0,1.0,1.0,0.03031158447265625
3284,1.0,1.0,1.0,1.0,1.0,0.02779531478881836
3285,1.0,1.0,1.0,1.0,1.0,0.025851011276245117
3286,1.0,1.0,1.0,1.0,1.0,0.029644489288330078
3287,1.0,1.0,1.0,1.0,1.0,0.027894020080566406
3288,1.0,1.0,1.0,1.0,1.0,0.013793706893920898
3289,1.0,1.0,1.0,1.0,1.0,0.03488612174987793
3290,1.0,1.0,1.0,1.0,1.0,0.015825271606445312
3291,1.0,1.0,1.0,1.0,1.0,0.03267240524291992
3292,1.0,1.0,1.0,1.0,1.0,0.02786993980407715
3293,1.0,1.0,1.0,1.0,1.0,0.024176597595214844
3294,1.0,1.0,1.0,1.0,1.0,0.0243837833404541
3295,1.0,1.0,1.0,1.0,1.0,0.02601480484008789
3296,1.0,1.0,1.0,1.0,1.0,0.02348923683166504
3297,1.0,1.0,1.0,1.0,1.0,0.027666330337524414
3298,1.0,1.0,1.0,1.0,1.0,0.016748905181884766
3299,1.0,1.0,1.0,1.0,1.0,0.0542302131652832
3300,1.0,1.0,1.0,1.0,1.0,0.03449130058288574
3301,1.0,1.0,1.0,1.0,1.0,0.025700092315673828
3302,1.0,1.0,1.0,1.0,1.0,0.014835119247436523
3303,1.0,1.0,1.0,1.0,1.0,0.03367424011230469
3304,1.0,1.0,1.0,1.0,1.0,0.027820348739624023
3305,1.0,1.0,1.0,1.0,1.0,0.024437665939331055
3306,1.0,1.0,1.0,1.0,1.0,0.024016141891479492
3307,1.0,1.0,1.0,1.0,1.0,0.015979528427124023
3308,1.0,1.0,1.0,1.0,1.0,0.03274083137512207
3309,1.0,1.0,1.0,1.0,1.0,0.008572101593017578
3310,1.0,1.0,1.0,1.0,1.0,0.01804518699645996
3311,1.0,1.0,1.0,1.0,1.0,0.030433177947998047
3312,1.0,1.0,1.0,1.0,1.0,0.016986846923828125
3313,1.0,1.0,1.0,1.0,1.0,0.030872821807861328
3314,1.0,1.0,1.0,1.0,1.0,0.03287982940673828
3315,1.0,1.0,1.0,1.0,1.0,0.018258333206176758
3316,1.0,1.0,1.0,1.0,1.0,0.03067779541015625
3317,1.0,1.0,1.0,1.0,1.0,0.02798914909362793
3318,1.0,1.0,1.0,1.0,1.0,0.02112579345703125
3319,1.0,1.0,1.0,1.0,1.0,0.03270578384399414
3320,1.0,1.0,1.0,1.0,1.0,0.015885114669799805
3321,1.0,1.0,1.0,1.0,1.0,0.026901721954345703
3322,1.0,1.0,1.0,1.0,1.0,0.027824878692626953
3323,1.0,1.0,1.0,1.0,1.0,0.022685527801513672
3324,1.0,1.0,1.0,1.0,1.0,0.025870323181152344
3325,1.0,1.0,1.0,1.0,1.0,0.02677297592163086
3326,1.0,1.0,1.0,1.0,1.0,0.02184915542602539
3327,1.0,1.0,1.0,1.0,1.0,0.02784109115600586
3328,1.0,1.0,1.0,1.0,1.0,0.023003578186035156
3329,1.0,1.0,1.0,1.0,1.0,0.060632944107055664
3330,1.0,1.0,1.0,1.0,1.0,0.0975184440612793
3331,1.0,1.0,1.0,1.0,1.0,0.11161208152770996
3332,1.0,1.0,1.0,1.0,1.0,0.10691952705383301
3333,1.0,1.0,1.0,1.0,1.0,0.08811593055725098
3334,1.0,1.0,1.0,1.0,1.0,0.10957503318786621
3335,1.0,1.0,1.0,1.0,1.0,0.1253359317779541
3336,1.0,1.0,1.0,1.0,1.0,0.09096693992614746
3337,1.0,1.0,1.0,1.0,1.0,0.12033462524414062
3338,1.0,1.0,1.0,1.0,1.0,0.18573737144470215
3339,1.0,1.0,1.0,1.0,1.0,0.21017146110534668
3340,1.0,1.0,1.0,1.0,1.0,0.1249399185180664
3341,1.0,1.0,1.0,1.0,1.0,0.333890438079834
3342,1.0,1.0,1.0,1.0,1.0,0.3019876480102539
3343,1.0,1.0,1.0,1.0,1.0,0.21518492698669434
3344,1.0,1.0,1.0,1.0,1.0,0.20143556594848633
3345,1.0,1.0,1.0,1.0,1.0,0.25673890113830566
3346,1.0,1.0,1.0,1.0,1.0,0.1248619556427002
3347,1.0,1.0,1.0,1.0,1.0,0.14952492713928223
3348,1.0,1.0,1.0,1.0,1.0,0.16442465782165527
3349,1.0,1.0,1.0,1.0,1.0,0.11847496032714844
3350,1.0,1.0,1.0,1.0,1.0,0.10423016548156738
3351,1.0,1.0,1.0,1.0,1.0,0.09629702568054199
3352,1.0,1.0,1.0,1.0,1.0,0.1035318374633789
3353,1.0,1.0,1.0,1.0,1.0,0.09679102897644043
3354,1.0,1.0,1.0,1.0,1.0,0.10053133964538574
3355,1.0,1.0,1.0,1.0,1.0,0.10100030899047852
3356,1.0,1.0,1.0,1.0,1.0,0.09015774726867676
3357,1.0,1.0,1.0,1.0,1.0,0.12507963180541992
3358,1.0,1.0,1.0,1.0,1.0,0.155517578125
3359,1.0,1.0,1.0,1.0,1.0,0.14029216766357422
3360,1.0,1.0,1.0,1.0,1.0,0.17372870445251465
3361,1.0,1.0,1.0,1.0,1.0,0.22047853469848633
3362,1.0,1.0,1.0,1.0,1.0,0.14339160919189453
3363,1.0,1.0,1.0,1.0,1.0,0.1394968032836914
3364,1.0,1.0,1.0,1.0,1.0,0.1268329620361328
3365,1.0,1.0,1.0,1.0,1.0,0.15032410621643066
3366,1.0,1.0,1.0,1.0,1.0,0.13405203819274902
3367,1.0,1.0,1.0,1.0,1.0,0.1515200138092041
3368,1.0,1.0,1.0,1.0,1.0,0.22843337059020996
3369,1.0,1.0,1.0,1.0,1.0,0.24420428276062012
3370,1.0,1.0,1.0,1.0,1.0,0.18601679801940918
3371,1.0,1.0,1.0,1.0,1.0,0.16118907928466797
3372,1.0,1.0,1.0,1.0,1.0,0.14140009880065918
3373,1.0,1.0,1.0,1.0,1.0,0.14050674438476562
3374,1.0,1.0,1.0,1.0,1.0,0.13366484642028809
3375,1.0,1.0,1.0,1.0,1.0,0.12282109260559082
3376,1.0,1.0,1.0,1.0,1.0,0.13480901718139648
3377,1.0,1.0,1.0,1.0,1.0,0.10039830207824707
3378,1.0,1.0,1.0,1.0,1.0,0.13662958145141602
3379,1.0,1.0,1.0,1.0,1.0,0.13745999336242676
3380,1.0,1.0,1.0,1.0,1.0,0.15068316459655762
3381,1.0,1.0,1.0,1.0,1.0,0.13069462776184082
3382,1.0,1.0,1.0,1.0,1.0,0.10992074012756348
3383,1.0,1.0,1.0,1.0,1.0,0.1169443130493164
3384,1.0,1.0,1.0,1.0,1.0,0.1096961498260498
3385,1.0,1.0,1.0,1.0,1.0,0.1323394775390625
3386,1.0,1.0,1.0,1.0,1.0,0.14251208305358887
3387,1.0,1.0,1.0,1.0,1.0,0.14325690269470215
3388,1.0,1.0,1.0,1.0,1.0,0.12361383438110352
3389,1.0,1.0,1.0,1.0,1.0,0.11806106567382812
3390,1.0,1.0,1.0,1.0,1.0,0.11792945861816406
3391,1.0,1.0,1.0,1.0,1.0,0.13276243209838867
3392,1.0,1.0,1.0,1.0,1.0,0.1395118236541748
3393,1.0,1.0,1.0,1.0,1.0,0.1584327220916748
3394,1.0,1.0,1.0,1.0,1.0,0.11789917945861816
3395,1.0,1.0,1.0,1.0,1.0,0.14717984199523926
3396,1.0,1.0,1.0,1.0,1.0,0.18282842636108398
3397,1.0,1.0,1.0,1.0,1.0,0.16977548599243164
3398,1.0,1.0,1.0,1.0,1.0,0.12790942192077637
3399,1.0,1.0,1.0,1.0,1.0,0.11386704444885254
3400,1.0,1.0,1.0,1.0,1.0,0.09628963470458984
3401,1.0,1.0,1.0,1.0,1.0,0.11736702919006348
3402,1.0,1.0,1.0,1.0,1.0,0.1033024787902832
3403,1.0,1.0,1.0,1.0,1.0,0.10822772979736328
3404,1.0,1.0,1.0,1.0,1.0,0.11767053604125977
3405,1.0,1.0,1.0,1.0,1.0,0.09374642372131348
3406,1.0,1.0,1.0,1.0,1.0,0.09139895439147949
3407,1.0,1.0,1.0,1.0,1.0,0.09288644790649414
3408,1.0,1.0,1.0,1.0,1.0,0.11234235763549805
3409,1.0,1.0,1.0,1.0,1.0,0.13792920112609863
3410,1.0,1.0,1.0,1.0,1.0,0.13930821418762207
3411,1.0,1.0,1.0,1.0,1.0,0.09743523597717285
3412,1.0,1.0,1.0,1.0,1.0,0.12438273429870605
3413,1.0,1.0,1.0,1.0,1.0,0.11273336410522461
3414,1.0,1.0,1.0,1.0,1.0,0.13493013381958008
3415,1.0,1.0,1.0,1.0,1.0,0.12533044815063477
3416,1.0,1.0,1.0,1.0,1.0,0.11377477645874023
3417,1.0,1.0,1.0,1.0,1.0,0.12342286109924316
3418,1.0,1.0,1.0,1.0,1.0,0.1209263801574707
3419,1.0,1.0,1.0,1.0,1.0,0.11667490005493164
3420,1.0,1.0,1.0,1.0,1.0,0.13192248344421387
3421,1.0,1.0,1.0,1.0,1.0,0.11749672889709473
3422,1.0,1.0,1.0,1.0,1.0,0.11641597747802734
3423,1.0,1.0,1.0,1.0,1.0,0.12633371353149414
3424,1.0,1.0,1.0,1.0,1.0,0.10839176177978516
3425,1.0,1.0,1.0,1.0,1.0,0.13168549537658691
3426,1.0,1.0,1.0,1.0,1.0,0.12301445007324219
3427,1.0,1.0,1.0,1.0,1.0,0.11769485473632812
3428,1.0,1.0,1.0,1.0,1.0,0.12565350532531738
3429,1.0,1.0,1.0,1.0,1.0,0.12604379653930664
3430,1.0,1.0,1.0,1.0,1.0,0.11723756790161133
3431,1.0,1.0,1.0,1.0,1.0,0.11603975296020508
3432,1.0,1.0,1.0,1.0,1.0,0.10034441947937012
3433,1.0,1.0,1.0,1.0,1.0,0.10943222045898438
3434,1.0,1.0,1.0,1.0,1.0,0.11649298667907715
3435,1.0,1.0,1.0,1.0,1.0,0.1079092025756836
3436,1.0,1.0,1.0,1.0,1.0,0.09997367858886719
3437,1.0,1.0,1.0,1.0,1.0,0.13251900672912598
3438,1.0,1.0,1.0,1.0,1.0,0.12483024597167969
3439,1.0,1.0,1.0,1.0,1.0,0.1252908706665039
3440,1.0,0.5,0.5,1.0,0.6666666666666666,0.12455487251281738
3441,1.0,1.0,1.0,1.0,1.0,0.11297297477722168
3442,1.0,1.0,1.0,1.0,1.0,0.10254383087158203
3443,1.0,1.0,1.0,1.0,1.0,0.149183988571167
3444,1.0,1.0,1.0,1.0,1.0,0.11176371574401855
3445,1.0,1.0,1.0,1.0,1.0,0.10100960731506348
3446,1.0,1.0,1.0,1.0,1.0,0.11517095565795898
3447,1.0,1.0,1.0,1.0,1.0,0.14183712005615234
3448,1.0,1.0,1.0,1.0,1.0,0.1302175521850586
3449,1.0,1.0,1.0,1.0,1.0,0.12492728233337402
3450,1.0,1.0,1.0,1.0,1.0,0.10834240913391113
3451,1.0,1.0,1.0,1.0,1.0,0.09909629821777344
3452,1.0,1.0,1.0,1.0,1.0,0.09410452842712402
3453,1.0,1.0,1.0,1.0,1.0,0.10174059867858887
3454,1.0,1.0,1.0,1.0,1.0,0.10392189025878906
3455,1.0,1.0,1.0,1.0,1.0,0.12152886390686035
3456,1.0,1.0,1.0,1.0,1.0,0.11694860458374023
3457,1.0,1.0,1.0,1.0,1.0,0.10985565185546875
3458,1.0,1.0,1.0,1.0,1.0,0.09658408164978027
3459,1.0,1.0,1.0,1.0,1.0,0.0895841121673584
3460,1.0,1.0,1.0,1.0,1.0,0.0835578441619873
3461,1.0,1.0,1.0,1.0,1.0,0.10118508338928223
3462,1.0,1.0,1.0,1.0,1.0,0.09355998039245605
3463,1.0,1.0,1.0,1.0,1.0,0.09210729598999023
3464,1.0,1.0,1.0,1.0,1.0,0.09797382354736328
3465,1.0,1.0,1.0,1.0,1.0,0.10134196281433105
3466,1.0,1.0,1.0,1.0,1.0,0.0970616340637207
3467,1.0,1.0,1.0,1.0,1.0,0.10069608688354492
3468,1.0,1.0,1.0,1.0,1.0,0.10942816734313965
3469,1.0,1.0,1.0,1.0,1.0,0.11794090270996094
3470,1.0,1.0,1.0,1.0,1.0,0.11663246154785156
3471,1.0,1.0,1.0,1.0,1.0,0.12497377395629883
3472,1.0,1.0,1.0,1.0,1.0,0.1254878044128418
3473,1.0,1.0,1.0,1.0,1.0,0.13892030715942383
3474,1.0,1.0,1.0,1.0,1.0,0.11820101737976074
3475,1.0,1.0,1.0,1.0,1.0,0.09172868728637695
3476,1.0,1.0,1.0,1.0,1.0,0.09783625602722168
3477,1.0,1.0,1.0,1.0,1.0,0.10494613647460938
3478,1.0,1.0,1.0,1.0,1.0,0.13703250885009766
3479,1.0,1.0,1.0,1.0,1.0,0.30350470542907715
3480,1.0,1.0,1.0,1.0,1.0,0.1461503505706787
3481,1.0,1.0,1.0,1.0,1.0,0.1322803497314453
3482,1.0,1.0,1.0,1.0,1.0,0.1033470630645752
3483,1.0,1.0,1.0,1.0,1.0,0.11893534660339355
3484,1.0,1.0,1.0,1.0,1.0,0.0974891185760498
3485,1.0,1.0,1.0,1.0,1.0,0.0897514820098877
3486,1.0,1.0,1.0,1.0,1.0,0.0928640365600586
3487,1.0,1.0,1.0,1.0,1.0,0.13571929931640625
3488,1.0,1.0,1.0,1.0,1.0,0.15534377098083496
3489,1.0,1.0,1.0,1.0,1.0,0.12026619911193848
3490,1.0,1.0,1.0,1.0,1.0,0.13118267059326172
3491,1.0,1.0,1.0,1.0,1.0,0.1420602798461914
3492,1.0,1.0,1.0,1.0,1.0,0.10801172256469727
3493,1.0,1.0,1.0,1.0,1.0,0.13832473754882812
3494,1.0,1.0,1.0,1.0,1.0,0.19154787063598633
3495,1.0,1.0,1.0,1.0,1.0,0.3408772945404053
3496,1.0,1.0,1.0,1.0,1.0,0.22398710250854492
3497,1.0,1.0,1.0,1.0,1.0,0.11534953117370605
3498,1.0,1.0,1.0,1.0,1.0,0.09032559394836426
3499,1.0,1.0,1.0,1.0,1.0,0.11827898025512695
3500,1.0,1.0,1.0,1.0,1.0,0.10086464881896973
3501,1.0,1.0,1.0,1.0,1.0,0.12304425239562988
3502,1.0,0.5,0.5,1.0,0.6666666666666666,0.1858510971069336
3503,1.0,1.0,1.0,1.0,1.0,0.18023085594177246
3504,1.0,1.0,1.0,1.0,1.0,0.13949346542358398
3505,1.0,1.0,1.0,1.0,1.0,0.09058523178100586
3506,1.0,1.0,1.0,1.0,1.0,0.08825540542602539
3507,1.0,1.0,1.0,1.0,1.0,0.0965566635131836
3508,1.0,1.0,1.0,1.0,1.0,0.11611700057983398
3509,1.0,1.0,1.0,1.0,1.0,0.12050533294677734
3510,1.0,1.0,1.0,1.0,1.0,0.18006396293640137
3511,1.0,1.0,1.0,1.0,1.0,0.12132382392883301
3512,1.0,1.0,1.0,1.0,1.0,0.1148078441619873
3513,1.0,1.0,1.0,1.0,1.0,0.10616040229797363
3514,1.0,1.0,1.0,1.0,1.0,0.08534789085388184
3515,1.0,1.0,1.0,1.0,1.0,0.1070718765258789
3516,1.0,1.0,1.0,1.0,1.0,0.10152816772460938
3517,1.0,1.0,1.0,1.0,1.0,0.10892796516418457
3518,1.0,1.0,1.0,1.0,1.0,0.10510468482971191
3519,1.0,1.0,1.0,1.0,1.0,0.12577581405639648
3520,1.0,1.0,1.0,1.0,1.0,0.14697575569152832
3521,1.0,1.0,1.0,1.0,1.0,0.05626225471496582
3522,1.0,1.0,1.0,1.0,1.0,0.08196687698364258
3523,1.0,1.0,1.0,1.0,1.0,0.06564092636108398
3524,1.0,1.0,1.0,1.0,1.0,0.04905843734741211
3525,1.0,1.0,1.0,1.0,1.0,0.05151057243347168
3526,1.0,1.0,1.0,1.0,1.0,0.04272770881652832
3527,1.0,1.0,1.0,1.0,1.0,0.05333137512207031
3528,1.0,1.0,1.0,1.0,1.0,0.04856419563293457
3529,1.0,1.0,1.0,1.0,1.0,0.07282018661499023
3530,1.0,1.0,1.0,1.0,1.0,0.11571598052978516
3531,1.0,1.0,1.0,1.0,1.0,0.08346962928771973
3532,1.0,1.0,1.0,1.0,1.0,0.03675556182861328
3533,1.0,1.0,1.0,1.0,1.0,0.03242349624633789
3534,1.0,1.0,1.0,1.0,1.0,0.06165194511413574
3535,1.0,1.0,1.0,1.0,1.0,0.06997871398925781
3536,1.0,1.0,1.0,1.0,1.0,0.09370684623718262
3537,1.0,1.0,1.0,1.0,1.0,0.09657788276672363
3538,1.0,1.0,1.0,1.0,1.0,0.1800675392150879
3539,1.0,1.0,1.0,1.0,1.0,0.0561215877532959
3540,1.0,1.0,1.0,1.0,1.0,0.12516450881958008
3541,1.0,1.0,1.0,1.0,1.0,0.12269163131713867
3542,1.0,1.0,1.0,1.0,1.0,0.0628364086151123
3543,1.0,1.0,1.0,1.0,1.0,0.07982420921325684
3544,1.0,1.0,1.0,1.0,1.0,0.09398293495178223
3545,1.0,1.0,1.0,1.0,1.0,0.1111905574798584
3546,1.0,1.0,1.0,1.0,1.0,0.07723474502563477
3547,1.0,1.0,1.0,1.0,1.0,0.09045529365539551
3548,1.0,1.0,1.0,1.0,1.0,0.0741119384765625
3549,1.0,1.0,1.0,1.0,1.0,0.041356801986694336
3550,1.0,1.0,1.0,1.0,1.0,0.0662989616394043
3551,1.0,1.0,1.0,1.0,1.0,0.0665128231048584
3552,1.0,1.0,1.0,1.0,1.0,0.07434439659118652
3553,1.0,1.0,1.0,1.0,1.0,0.08248019218444824
3554,1.0,1.0,1.0,1.0,1.0,0.04911518096923828
3555,1.0,1.0,1.0,1.0,1.0,0.06599855422973633
3556,1.0,1.0,1.0,1.0,1.0,0.0642855167388916
3557,1.0,1.0,1.0,1.0,1.0,0.06711912155151367
3558,1.0,1.0,1.0,1.0,1.0,0.08441972732543945
3559,1.0,1.0,1.0,1.0,1.0,0.08297395706176758
3560,1.0,1.0,1.0,1.0,1.0,0.08070683479309082
3561,1.0,1.0,1.0,1.0,1.0,0.06841444969177246
3562,1.0,1.0,1.0,1.0,1.0,0.04967522621154785
3563,1.0,1.0,1.0,1.0,1.0,0.04920792579650879
3564,1.0,1.0,1.0,1.0,1.0,0.04262232780456543
3565,1.0,1.0,1.0,1.0,1.0,0.0470271110534668
3566,1.0,1.0,1.0,1.0,1.0,0.04256105422973633
3567,1.0,1.0,1.0,1.0,1.0,0.05747079849243164
3568,1.0,1.0,1.0,1.0,1.0,0.04992341995239258
3569,1.0,1.0,1.0,1.0,1.0,0.04043912887573242
3570,1.0,1.0,1.0,1.0,1.0,0.03886270523071289
3571,1.0,1.0,1.0,1.0,1.0,0.027281999588012695
3572,1.0,1.0,1.0,1.0,1.0,0.03285861015319824
3573,1.0,1.0,1.0,1.0,1.0,0.0571894645690918
3574,1.0,1.0,1.0,1.0,1.0,0.04828977584838867
3575,1.0,1.0,1.0,1.0,1.0,0.03890681266784668
3576,1.0,1.0,1.0,1.0,1.0,0.06945395469665527
3577,1.0,1.0,1.0,1.0,1.0,0.04959917068481445
3578,1.0,1.0,1.0,1.0,1.0,0.05600237846374512
3579,1.0,1.0,1.0,1.0,1.0,0.032810211181640625
3580,1.0,1.0,1.0,1.0,1.0,0.05031180381774902
3581,1.0,1.0,1.0,1.0,1.0,0.03289341926574707
3582,1.0,1.0,1.0,1.0,1.0,0.049344778060913086
3583,1.0,1.0,1.0,1.0,1.0,0.032557010650634766
3584,1.0,1.0,1.0,1.0,1.0,0.03298306465148926
3585,1.0,1.0,1.0,1.0,1.0,0.0325467586517334
3586,1.0,1.0,1.0,1.0,1.0,0.0405728816986084
3587,1.0,1.0,1.0,1.0,1.0,0.05718541145324707
3588,1.0,1.0,1.0,1.0,1.0,0.05360245704650879
3589,1.0,1.0,1.0,1.0,1.0,0.04725289344787598
3590,1.0,1.0,1.0,1.0,1.0,0.040522098541259766
3591,1.0,1.0,1.0,1.0,1.0,0.029143095016479492
3592,1.0,1.0,1.0,1.0,1.0,0.03650975227355957
3593,1.0,1.0,1.0,1.0,1.0,0.027097702026367188
3594,1.0,1.0,1.0,1.0,1.0,0.030516624450683594
3595,1.0,1.0,1.0,1.0,1.0,0.0429234504699707
3596,1.0,1.0,1.0,1.0,1.0,0.03141903877258301
3597,1.0,1.0,1.0,1.0,1.0,0.04940915107727051
3598,1.0,1.0,1.0,1.0,1.0,0.032907724380493164
3599,1.0,1.0,1.0,1.0,1.0,0.025728225708007812
3600,1.0,1.0,1.0,1.0,1.0,0.03307533264160156
3601,1.0,1.0,1.0,1.0,1.0,0.03913712501525879
3602,1.0,1.0,1.0,1.0,1.0,0.03272128105163574
3603,1.0,1.0,1.0,1.0,1.0,0.03266763687133789
3604,1.0,1.0,1.0,1.0,1.0,0.04690241813659668
3605,1.0,1.0,1.0,1.0,1.0,0.043154239654541016
3606,1.0,1.0,1.0,1.0,1.0,0.04894113540649414
3607,1.0,1.0,1.0,1.0,1.0,0.02477407455444336
3608,1.0,1.0,1.0,1.0,1.0,0.033313751220703125
3609,1.0,1.0,1.0,1.0,1.0,0.033000946044921875
3610,1.0,1.0,1.0,1.0,1.0,0.04161548614501953
3611,1.0,1.0,1.0,1.0,1.0,0.04601120948791504
3612,1.0,1.0,1.0,1.0,1.0,0.09994697570800781
3613,1.0,1.0,1.0,1.0,1.0,0.04116249084472656
3614,1.0,1.0,1.0,1.0,1.0,0.04035186767578125
3615,1.0,1.0,1.0,1.0,1.0,0.07136845588684082
3616,1.0,1.0,1.0,1.0,1.0,0.0567471981048584
3617,1.0,1.0,1.0,1.0,1.0,0.02705097198486328
3618,1.0,1.0,1.0,1.0,1.0,0.03273200988769531
3619,1.0,1.0,1.0,1.0,1.0,0.032720327377319336
3620,1.0,1.0,1.0,1.0,1.0,0.03283071517944336
3621,1.0,1.0,1.0,1.0,1.0,0.024582624435424805
3622,1.0,1.0,1.0,1.0,1.0,0.024378538131713867
3623,1.0,1.0,1.0,1.0,1.0,0.032968997955322266
3624,1.0,1.0,1.0,1.0,1.0,0.040639400482177734
3625,1.0,1.0,1.0,1.0,1.0,0.027348041534423828
3626,1.0,1.0,1.0,1.0,1.0,0.0440058708190918
3627,1.0,1.0,1.0,1.0,1.0,0.032485246658325195
3628,1.0,1.0,1.0,1.0,1.0,0.04462122917175293
3629,1.0,1.0,1.0,1.0,1.0,0.036971092224121094
3630,1.0,1.0,1.0,1.0,1.0,0.04769611358642578
3631,1.0,1.0,1.0,1.0,1.0,0.04775834083557129
3632,1.0,1.0,1.0,1.0,1.0,0.029871225357055664
3633,1.0,1.0,1.0,1.0,1.0,0.034216880798339844
3634,1.0,1.0,1.0,1.0,1.0,0.04188847541809082
3635,1.0,1.0,1.0,1.0,1.0,0.040281057357788086
3636,1.0,1.0,1.0,1.0,1.0,0.040944576263427734
3637,1.0,1.0,1.0,1.0,1.0,0.033489227294921875
3638,1.0,1.0,1.0,1.0,1.0,0.03294014930725098
3639,1.0,1.0,1.0,1.0,1.0,0.0388951301574707
3640,1.0,1.0,1.0,1.0,1.0,0.02625417709350586
3641,1.0,1.0,1.0,1.0,1.0,0.028470993041992188
3642,1.0,1.0,1.0,1.0,1.0,0.020200014114379883
3643,1.0,1.0,1.0,1.0,1.0,0.03287935256958008
3644,1.0,1.0,1.0,1.0,1.0,0.04073500633239746
3645,1.0,1.0,1.0,1.0,1.0,0.04062485694885254
3646,1.0,1.0,1.0,1.0,1.0,0.03267383575439453
3647,1.0,1.0,1.0,1.0,1.0,0.04071497917175293
3648,1.0,1.0,1.0,1.0,1.0,0.0323641300201416
3649,1.0,1.0,1.0,1.0,1.0,0.029258251190185547
3650,1.0,1.0,1.0,1.0,1.0,0.0470576286315918
3651,1.0,1.0,1.0,1.0,1.0,0.03072500228881836
3652,1.0,1.0,1.0,1.0,1.0,0.03625154495239258
3653,1.0,1.0,1.0,1.0,1.0,0.042362213134765625
3654,1.0,1.0,1.0,1.0,1.0,0.05796480178833008
3655,1.0,1.0,1.0,1.0,1.0,0.051169633865356445
3656,1.0,1.0,1.0,1.0,1.0,0.03630638122558594
3657,1.0,1.0,1.0,1.0,1.0,0.04644465446472168
3658,1.0,1.0,1.0,1.0,1.0,0.041120290756225586
3659,1.0,1.0,1.0,1.0,1.0,0.041063785552978516
3660,1.0,1.0,1.0,1.0,1.0,0.05771970748901367
3661,1.0,1.0,1.0,1.0,1.0,0.03288841247558594
3662,1.0,1.0,1.0,1.0,1.0,0.03497052192687988
3663,1.0,1.0,1.0,1.0,1.0,0.0483708381652832
3664,1.0,1.0,1.0,1.0,1.0,0.04882478713989258
3665,1.0,1.0,1.0,1.0,1.0,0.04056382179260254
3666,1.0,1.0,1.0,1.0,1.0,0.030155420303344727
3667,1.0,1.0,1.0,1.0,1.0,0.02266526222229004
3668,1.0,1.0,1.0,1.0,1.0,0.028807878494262695
3669,1.0,1.0,1.0,1.0,1.0,0.041108131408691406
3670,1.0,1.0,1.0,1.0,1.0,0.05302762985229492
3671,1.0,1.0,1.0,1.0,1.0,0.02878713607788086
3672,1.0,1.0,1.0,1.0,1.0,0.04289865493774414
3673,1.0,1.0,1.0,1.0,1.0,0.03149127960205078
3674,1.0,1.0,1.0,1.0,1.0,0.04514455795288086
3675,1.0,1.0,1.0,1.0,1.0,0.020860910415649414
3676,1.0,1.0,1.0,1.0,1.0,0.036216020584106445
3677,1.0,1.0,1.0,1.0,1.0,0.03725838661193848
3678,1.0,1.0,1.0,1.0,1.0,0.03302288055419922
3679,1.0,1.0,1.0,1.0,1.0,0.04231405258178711
3680,1.0,1.0,1.0,1.0,1.0,0.03698229789733887
3681,1.0,1.0,1.0,1.0,1.0,0.04220151901245117
3682,1.0,1.0,1.0,1.0,1.0,0.027707576751708984
3683,1.0,1.0,1.0,1.0,1.0,0.033071041107177734
3684,1.0,1.0,1.0,1.0,1.0,0.04711341857910156
3685,1.0,1.0,1.0,1.0,1.0,0.04500532150268555
3686,1.0,1.0,1.0,1.0,1.0,0.10273265838623047
3687,1.0,1.0,1.0,1.0,1.0,0.039732933044433594
3688,1.0,1.0,1.0,1.0,1.0,0.025215625762939453
3689,1.0,1.0,1.0,1.0,1.0,0.026803016662597656
3690,1.0,1.0,1.0,1.0,1.0,0.034569501876831055
3691,1.0,1.0,1.0,1.0,1.0,0.031231403350830078
3692,1.0,1.0,1.0,1.0,1.0,0.05407524108886719
3693,1.0,1.0,1.0,1.0,1.0,0.0330960750579834
3694,1.0,1.0,1.0,1.0,1.0,0.03456234931945801
3695,1.0,1.0,1.0,1.0,1.0,0.024215221405029297
3696,1.0,1.0,1.0,1.0,1.0,0.03153204917907715
3697,1.0,1.0,1.0,1.0,1.0,0.03987741470336914
3698,1.0,1.0,1.0,1.0,1.0,0.03911185264587402
3699,1.0,1.0,1.0,1.0,1.0,0.03491640090942383
3700,1.0,1.0,1.0,1.0,1.0,0.03258371353149414
3701,1.0,1.0,1.0,1.0,1.0,0.028452634811401367
3702,1.0,1.0,1.0,1.0,1.0,0.03803730010986328
3703,1.0,1.0,1.0,1.0,1.0,0.058321237564086914
3704,1.0,1.0,1.0,1.0,1.0,0.04890799522399902
3705,1.0,1.0,1.0,1.0,1.0,0.03578305244445801
3706,1.0,1.0,1.0,1.0,1.0,0.05008387565612793
3707,1.0,1.0,1.0,1.0,1.0,0.04097747802734375
3708,1.0,1.0,1.0,1.0,1.0,0.03055858612060547
3709,1.0,1.0,1.0,1.0,1.0,0.04704117774963379
3710,1.0,1.0,1.0,1.0,1.0,0.02503490447998047
3711,1.0,1.0,1.0,1.0,1.0,0.06606149673461914
3712,1.0,1.0,1.0,1.0,1.0,0.0328977108001709
3713,1.0,1.0,1.0,1.0,1.0,0.04967308044433594
3714,1.0,1.0,1.0,1.0,1.0,0.04450511932373047
3715,1.0,1.0,1.0,1.0,1.0,0.04623556137084961
3716,1.0,1.0,1.0,1.0,1.0,0.03721117973327637
3717,1.0,1.0,1.0,1.0,1.0,0.04935097694396973
3718,1.0,1.0,1.0,1.0,1.0,0.04215884208679199
3719,1.0,1.0,1.0,1.0,1.0,0.035187482833862305
3720,1.0,1.0,1.0,1.0,1.0,0.047007083892822266
3721,1.0,1.0,1.0,1.0,1.0,0.03428769111633301
3722,1.0,1.0,1.0,1.0,1.0,0.04077625274658203
3723,1.0,1.0,1.0,1.0,1.0,0.04141664505004883
3724,1.0,1.0,1.0,1.0,1.0,0.032947540283203125
3725,1.0,1.0,1.0,1.0,1.0,0.03296613693237305
3726,1.0,1.0,1.0,1.0,1.0,0.03280067443847656
3727,1.0,1.0,1.0,1.0,1.0,0.04090547561645508
3728,1.0,1.0,1.0,1.0,1.0,0.0666956901550293
3729,1.0,1.0,1.0,1.0,1.0,0.05761551856994629
3730,1.0,1.0,1.0,1.0,1.0,0.04142332077026367
3731,1.0,1.0,1.0,1.0,1.0,0.04269886016845703
3732,1.0,1.0,1.0,1.0,1.0,0.05166459083557129
3733,1.0,1.0,1.0,1.0,1.0,0.05602669715881348
3734,1.0,1.0,1.0,1.0,1.0,0.03025960922241211
3735,1.0,1.0,1.0,1.0,1.0,0.03473687171936035
3736,1.0,1.0,1.0,1.0,1.0,0.03907632827758789
3737,1.0,1.0,1.0,1.0,1.0,0.02668476104736328
3738,1.0,1.0,1.0,1.0,1.0,0.03962850570678711
3739,1.0,1.0,1.0,1.0,1.0,0.036284685134887695
3740,1.0,1.0,1.0,1.0,1.0,0.034230947494506836
3741,1.0,1.0,1.0,1.0,1.0,0.042771100997924805
3742,1.0,1.0,1.0,1.0,1.0,0.04155540466308594
3743,1.0,1.0,1.0,1.0,1.0,0.057951927185058594
3744,1.0,1.0,1.0,1.0,1.0,0.0525660514831543
3745,1.0,1.0,1.0,1.0,1.0,0.045615196228027344
3746,1.0,1.0,1.0,1.0,1.0,0.033338069915771484
3747,1.0,1.0,1.0,1.0,1.0,0.03312563896179199
3748,1.0,1.0,1.0,1.0,1.0,0.03136944770812988
3749,1.0,1.0,1.0,1.0,1.0,0.02724742889404297
3750,1.0,1.0,1.0,1.0,1.0,0.034423112869262695
3751,1.0,1.0,1.0,1.0,1.0,0.03241872787475586
3752,1.0,1.0,1.0,1.0,1.0,0.0227506160736084
3753,1.0,1.0,1.0,1.0,1.0,0.04886341094970703
3754,1.0,1.0,1.0,1.0,1.0,0.08417010307312012
3755,1.0,1.0,1.0,1.0,1.0,0.05521798133850098
3756,1.0,1.0,1.0,1.0,1.0,0.04127311706542969
3757,1.0,1.0,1.0,1.0,1.0,0.03490114212036133
3758,1.0,1.0,1.0,1.0,1.0,0.03525972366333008
3759,1.0,1.0,1.0,1.0,1.0,0.0516362190246582
3760,1.0,1.0,1.0,1.0,1.0,0.04752779006958008
3761,1.0,1.0,1.0,1.0,1.0,0.03635096549987793
3762,1.0,1.0,1.0,1.0,1.0,0.024922847747802734
3763,1.0,1.0,1.0,1.0,1.0,0.024022817611694336
3764,1.0,1.0,1.0,1.0,1.0,0.0314183235168457
3765,1.0,1.0,1.0,1.0,1.0,0.03305768966674805
3766,1.0,1.0,1.0,1.0,1.0,0.02624368667602539
3767,1.0,1.0,1.0,1.0,1.0,0.035756587982177734
3768,1.0,1.0,1.0,1.0,1.0,0.035186767578125
3769,1.0,1.0,1.0,1.0,1.0,0.050009727478027344
3770,1.0,1.0,1.0,1.0,1.0,0.06148838996887207
3771,1.0,1.0,1.0,1.0,1.0,0.06411147117614746
3772,1.0,1.0,1.0,1.0,1.0,0.06037425994873047
3773,1.0,1.0,1.0,1.0,1.0,0.05647444725036621
3774,1.0,1.0,1.0,1.0,1.0,0.04863858222961426
3775,1.0,1.0,1.0,1.0,1.0,0.05822920799255371
3776,1.0,1.0,1.0,1.0,1.0,0.04718518257141113
3777,1.0,1.0,1.0,1.0,1.0,0.04246354103088379
3778,1.0,1.0,1.0,1.0,1.0,0.032834529876708984
3779,1.0,1.0,1.0,1.0,1.0,0.03598189353942871
3780,1.0,1.0,1.0,1.0,1.0,0.04654502868652344
3781,1.0,1.0,1.0,1.0,1.0,0.051969051361083984
3782,1.0,1.0,1.0,1.0,1.0,0.028146982192993164
3783,1.0,1.0,1.0,1.0,1.0,0.0345911979675293
3784,1.0,1.0,1.0,1.0,1.0,0.0387725830078125
3785,1.0,1.0,1.0,1.0,1.0,0.039429664611816406
3786,1.0,1.0,1.0,1.0,1.0,0.02744579315185547
3787,1.0,1.0,1.0,1.0,1.0,0.03345346450805664
3788,1.0,1.0,1.0,1.0,1.0,0.029111385345458984
3789,1.0,1.0,1.0,1.0,1.0,0.030988216400146484
3790,1.0,1.0,1.0,1.0,1.0,0.030177593231201172
3791,1.0,1.0,1.0,1.0,1.0,0.037203073501586914
3792,1.0,1.0,1.0,1.0,1.0,0.020438671112060547
3793,1.0,1.0,1.0,1.0,1.0,0.035379648208618164
3794,1.0,1.0,1.0,1.0,1.0,0.033421993255615234
3795,1.0,1.0,1.0,1.0,1.0,0.029439926147460938
3796,1.0,1.0,1.0,1.0,1.0,0.04080915451049805
3797,1.0,1.0,1.0,1.0,1.0,0.04649758338928223
3798,1.0,1.0,1.0,1.0,1.0,0.029372692108154297
3799,1.0,1.0,1.0,1.0,1.0,0.03881692886352539
3800,1.0,1.0,1.0,1.0,1.0,0.03336739540100098
3801,1.0,1.0,1.0,1.0,1.0,0.023905277252197266
3802,1.0,1.0,1.0,1.0,1.0,0.03291797637939453
3803,1.0,1.0,1.0,1.0,1.0,0.048834800720214844
3804,1.0,1.0,1.0,1.0,1.0,0.04942631721496582
3805,1.0,1.0,1.0,1.0,1.0,0.05771064758300781
3806,1.0,1.0,1.0,1.0,1.0,0.04790663719177246
3807,1.0,1.0,1.0,1.0,1.0,0.06806731224060059
3808,1.0,1.0,1.0,1.0,1.0,0.05750393867492676
3809,1.0,1.0,1.0,1.0,1.0,0.037540435791015625
3810,1.0,1.0,1.0,1.0,1.0,0.03476285934448242
3811,1.0,1.0,1.0,1.0,1.0,0.03470015525817871
3812,1.0,1.0,1.0,1.0,1.0,0.03165745735168457
3813,1.0,1.0,1.0,1.0,1.0,0.024918556213378906
3814,1.0,1.0,1.0,1.0,1.0,0.0410618782043457
3815,1.0,1.0,1.0,1.0,1.0,0.03776240348815918
3816,1.0,1.0,1.0,1.0,1.0,0.02801036834716797
3817,1.0,1.0,1.0,1.0,1.0,0.03309202194213867
3818,1.0,1.0,1.0,1.0,1.0,0.06619954109191895
3819,1.0,1.0,1.0,1.0,1.0,0.05781102180480957
3820,1.0,1.0,1.0,1.0,1.0,0.05848217010498047
3821,1.0,1.0,1.0,1.0,1.0,0.045090436935424805
3822,1.0,1.0,1.0,1.0,1.0,0.045361995697021484
3823,1.0,1.0,1.0,1.0,1.0,0.09834575653076172
3824,1.0,1.0,1.0,1.0,1.0,0.048851728439331055
3825,1.0,1.0,1.0,1.0,1.0,0.056703805923461914
3826,1.0,1.0,1.0,1.0,1.0,0.04916977882385254
3827,1.0,1.0,1.0,1.0,1.0,0.024566650390625
3828,1.0,1.0,1.0,1.0,1.0,0.040918588638305664
3829,1.0,1.0,1.0,1.0,1.0,0.04744887351989746
3830,1.0,1.0,1.0,1.0,1.0,0.03522467613220215
3831,1.0,1.0,1.0,1.0,1.0,0.02479410171508789
3832,1.0,1.0,1.0,1.0,1.0,0.032642364501953125
3833,1.0,1.0,1.0,1.0,1.0,0.0336759090423584
3834,1.0,1.0,1.0,1.0,1.0,0.02441692352294922
3835,1.0,1.0,1.0,1.0,1.0,0.03320813179016113
3836,1.0,1.0,1.0,1.0,1.0,0.03299832344055176
3837,1.0,1.0,1.0,1.0,1.0,0.032944679260253906
3838,1.0,1.0,1.0,1.0,1.0,0.0500943660736084
3839,1.0,1.0,1.0,1.0,1.0,0.04126906394958496
3840,1.0,1.0,1.0,1.0,1.0,0.04377126693725586
3841,1.0,1.0,1.0,1.0,1.0,0.03418159484863281
3842,1.0,1.0,1.0,1.0,1.0,0.029131650924682617
3843,1.0,1.0,1.0,1.0,1.0,0.0416107177734375
3844,1.0,1.0,1.0,1.0,1.0,0.04941987991333008
3845,1.0,1.0,1.0,1.0,1.0,0.0323333740234375
3846,1.0,1.0,1.0,1.0,1.0,0.035245656967163086
3847,1.0,1.0,1.0,1.0,1.0,0.021200895309448242
3848,1.0,1.0,1.0,1.0,1.0,0.04040956497192383
3849,1.0,1.0,1.0,1.0,1.0,0.03370857238769531
3850,1.0,1.0,1.0,1.0,1.0,0.03747367858886719
3851,1.0,1.0,1.0,1.0,1.0,0.04664874076843262
3852,1.0,1.0,1.0,1.0,1.0,0.041535377502441406
3853,1.0,1.0,1.0,1.0,1.0,0.04153275489807129
3854,1.0,1.0,1.0,1.0,1.0,0.031009197235107422
3855,1.0,1.0,1.0,1.0,1.0,0.02272629737854004
3856,1.0,1.0,1.0,1.0,1.0,0.04524731636047363
3857,1.0,1.0,1.0,1.0,1.0,0.05297970771789551
3858,1.0,1.0,1.0,1.0,1.0,0.03413891792297363
3859,1.0,1.0,1.0,1.0,1.0,0.03963661193847656
3860,1.0,1.0,1.0,1.0,1.0,0.026445627212524414
3861,1.0,1.0,1.0,1.0,1.0,0.034406185150146484
3862,1.0,1.0,1.0,1.0,1.0,0.04148101806640625
3863,1.0,1.0,1.0,1.0,1.0,0.05153656005859375
3864,1.0,1.0,1.0,1.0,1.0,0.05981278419494629
3865,1.0,1.0,1.0,1.0,1.0,0.034211158752441406
3866,1.0,1.0,1.0,1.0,1.0,0.0252838134765625
3867,1.0,1.0,1.0,1.0,1.0,0.03413128852844238
3868,1.0,1.0,1.0,1.0,1.0,0.032156944274902344
3869,1.0,1.0,1.0,1.0,1.0,0.031693458557128906
3870,1.0,1.0,1.0,1.0,1.0,0.033219337463378906
3871,1.0,1.0,1.0,1.0,1.0,0.04985666275024414
3872,1.0,1.0,1.0,1.0,1.0,0.03876304626464844
3873,1.0,1.0,1.0,1.0,1.0,0.02733922004699707
3874,1.0,1.0,1.0,1.0,1.0,0.04503202438354492
3875,1.0,1.0,1.0,1.0,1.0,0.03755545616149902
3876,1.0,1.0,1.0,1.0,1.0,0.06276726722717285
3877,1.0,1.0,1.0,1.0,1.0,0.03434872627258301
3878,1.0,1.0,1.0,1.0,1.0,0.024127721786499023
3879,1.0,1.0,1.0,1.0,1.0,0.03318166732788086
3880,1.0,1.0,1.0,1.0,1.0,0.049039602279663086
3881,1.0,1.0,1.0,1.0,1.0,0.04894423484802246
3882,1.0,1.0,1.0,1.0,1.0,0.04778790473937988
3883,1.0,1.0,1.0,1.0,1.0,0.03809976577758789
3884,1.0,1.0,1.0,1.0,1.0,0.03568100929260254
3885,1.0,1.0,1.0,1.0,1.0,0.04421186447143555
3886,1.0,1.0,1.0,1.0,1.0,0.028851747512817383
3887,1.0,1.0,1.0,1.0,1.0,0.032254695892333984
3888,1.0,1.0,1.0,1.0,1.0,0.04072237014770508
3889,1.0,1.0,1.0,1.0,1.0,0.09552431106567383
3890,1.0,1.0,1.0,1.0,1.0,0.03851318359375
3891,1.0,1.0,1.0,1.0,1.0,0.04109358787536621
3892,1.0,1.0,1.0,1.0,1.0,0.017130374908447266
3893,1.0,1.0,1.0,1.0,1.0,0.05310344696044922
3894,1.0,1.0,1.0,1.0,1.0,0.029885530471801758
3895,1.0,1.0,1.0,1.0,1.0,0.03911876678466797
3896,1.0,1.0,1.0,1.0,1.0,0.025165796279907227
3897,1.0,1.0,1.0,1.0,1.0,0.03279423713684082
3898,1.0,1.0,1.0,1.0,1.0,0.05817818641662598
3899,1.0,1.0,1.0,1.0,1.0,0.04083847999572754
3900,1.0,1.0,1.0,1.0,1.0,0.03298497200012207
3901,1.0,1.0,1.0,1.0,1.0,0.049218177795410156
3902,1.0,1.0,1.0,1.0,1.0,0.04643988609313965
3903,1.0,1.0,1.0,1.0,1.0,0.04450583457946777
3904,1.0,1.0,1.0,1.0,1.0,0.044673919677734375
3905,1.0,1.0,1.0,1.0,1.0,0.04613542556762695
3906,1.0,1.0,1.0,1.0,1.0,0.05480504035949707
3907,1.0,1.0,1.0,1.0,1.0,0.05295586585998535
3908,1.0,1.0,1.0,1.0,1.0,0.0462186336517334
3909,1.0,1.0,1.0,1.0,1.0,0.04124116897583008
3910,1.0,1.0,1.0,1.0,1.0,0.04127788543701172
3911,1.0,1.0,1.0,1.0,1.0,0.055094003677368164
3912,1.0,1.0,1.0,1.0,1.0,0.03281402587890625
3913,1.0,1.0,1.0,1.0,1.0,0.02617669105529785
3914,1.0,1.0,1.0,1.0,1.0,0.032796382904052734
3915,1.0,1.0,1.0,1.0,1.0,0.05513787269592285
3916,1.0,1.0,1.0,1.0,1.0,0.03469347953796387
3917,1.0,1.0,1.0,1.0,1.0,0.03200578689575195
3918,1.0,1.0,1.0,1.0,1.0,0.04947042465209961
3919,1.0,1.0,1.0,1.0,1.0,0.04173684120178223
3920,1.0,1.0,1.0,1.0,1.0,0.05263805389404297
3921,1.0,1.0,1.0,1.0,1.0,0.04114699363708496
3922,1.0,1.0,1.0,1.0,1.0,0.04040384292602539
3923,1.0,1.0,1.0,1.0,1.0,0.04257512092590332
3924,1.0,1.0,1.0,1.0,1.0,0.03574228286743164
3925,1.0,1.0,1.0,1.0,1.0,0.03411722183227539
3926,1.0,1.0,1.0,1.0,1.0,0.03291916847229004
3927,1.0,1.0,1.0,1.0,1.0,0.047008514404296875
3928,1.0,1.0,1.0,1.0,1.0,0.04398012161254883
3929,1.0,1.0,1.0,1.0,1.0,0.061620473861694336
3930,1.0,1.0,1.0,1.0,1.0,0.02937150001525879
3931,1.0,1.0,1.0,1.0,1.0,0.0348355770111084
3932,1.0,1.0,1.0,1.0,1.0,0.022301435470581055
3933,1.0,1.0,1.0,1.0,1.0,0.036559104919433594
3934,1.0,1.0,1.0,1.0,1.0,0.0408787727355957
3935,1.0,1.0,1.0,1.0,1.0,0.05173301696777344
3936,1.0,1.0,1.0,1.0,1.0,0.0662999153137207
3937,1.0,1.0,1.0,1.0,1.0,0.04225969314575195
3938,1.0,1.0,1.0,1.0,1.0,0.04492926597595215
3939,1.0,1.0,1.0,1.0,1.0,0.06737136840820312
3940,1.0,1.0,1.0,1.0,1.0,0.07253265380859375
3941,1.0,1.0,1.0,1.0,1.0,0.11869478225708008
3942,1.0,1.0,1.0,1.0,1.0,0.08584141731262207
3943,1.0,1.0,1.0,1.0,1.0,0.04937267303466797
3944,1.0,1.0,1.0,1.0,1.0,0.06516432762145996
3945,1.0,1.0,1.0,1.0,1.0,0.04914999008178711
3946,1.0,1.0,1.0,1.0,1.0,0.057214975357055664
3947,1.0,1.0,1.0,1.0,1.0,0.05800819396972656
3948,1.0,1.0,1.0,1.0,1.0,0.04700016975402832
3949,1.0,1.0,1.0,1.0,1.0,0.050829172134399414
3950,1.0,1.0,1.0,1.0,1.0,0.05771207809448242
3951,1.0,1.0,1.0,1.0,1.0,0.04958224296569824
3952,1.0,1.0,1.0,1.0,1.0,0.09121251106262207
3953,1.0,1.0,1.0,1.0,1.0,0.08977556228637695
3954,1.0,1.0,1.0,1.0,1.0,0.04127073287963867
3955,1.0,1.0,1.0,1.0,1.0,0.03282427787780762
3956,1.0,1.0,1.0,1.0,1.0,0.025864362716674805
3957,1.0,1.0,1.0,1.0,1.0,0.03218531608581543
3958,1.0,1.0,1.0,1.0,1.0,0.03305387496948242
3959,1.0,1.0,1.0,1.0,1.0,0.03333401679992676
3960,1.0,1.0,1.0,1.0,1.0,0.0436251163482666
3961,1.0,1.0,1.0,1.0,1.0,0.03931856155395508
3962,1.0,1.0,1.0,1.0,1.0,0.0333712100982666
3963,1.0,1.0,1.0,1.0,1.0,0.037650346755981445
3964,1.0,1.0,1.0,1.0,1.0,0.06150078773498535
3965,1.0,1.0,1.0,1.0,1.0,0.15365362167358398
3966,1.0,1.0,1.0,1.0,1.0,0.10272884368896484
3967,1.0,1.0,1.0,1.0,1.0,0.1162407398223877
3968,1.0,1.0,1.0,1.0,1.0,0.12476396560668945
3969,1.0,1.0,1.0,1.0,1.0,0.12071609497070312
3970,1.0,1.0,1.0,1.0,1.0,0.09748172760009766
3971,1.0,1.0,1.0,1.0,1.0,0.11525750160217285
3972,1.0,1.0,1.0,1.0,1.0,0.12283968925476074
3973,1.0,1.0,1.0,1.0,1.0,0.10142850875854492
3974,1.0,1.0,1.0,1.0,1.0,0.10352754592895508
3975,1.0,1.0,1.0,1.0,1.0,0.08869528770446777
3976,1.0,1.0,1.0,1.0,1.0,0.09255743026733398
3977,1.0,1.0,1.0,1.0,1.0,0.11318731307983398
3978,1.0,1.0,1.0,1.0,1.0,0.09657764434814453
3979,1.0,1.0,1.0,1.0,1.0,0.0806419849395752
3980,1.0,1.0,1.0,1.0,1.0,0.08564472198486328
3981,1.0,1.0,1.0,1.0,1.0,0.13763999938964844
3982,1.0,1.0,1.0,1.0,1.0,0.15079307556152344
3983,1.0,1.0,1.0,1.0,1.0,0.15674042701721191
3984,1.0,1.0,1.0,1.0,1.0,0.1058359146118164
3985,1.0,1.0,1.0,1.0,1.0,0.08717465400695801
3986,1.0,1.0,1.0,1.0,1.0,0.09543347358703613
3987,1.0,1.0,1.0,1.0,1.0,0.09662795066833496
3988,1.0,1.0,1.0,1.0,1.0,0.09103918075561523
3989,1.0,1.0,1.0,1.0,1.0,0.08698034286499023
3990,1.0,1.0,1.0,1.0,1.0,0.1343386173248291
3991,1.0,1.0,1.0,1.0,1.0,0.13225436210632324
3992,1.0,1.0,1.0,1.0,1.0,0.13485169410705566
3993,1.0,1.0,1.0,1.0,1.0,0.12864065170288086
3994,1.0,1.0,1.0,1.0,1.0,0.09391641616821289
3995,1.0,1.0,1.0,1.0,1.0,0.09627294540405273
3996,1.0,1.0,1.0,1.0,1.0,0.09676456451416016
3997,1.0,1.0,1.0,1.0,1.0,0.08822917938232422
3998,1.0,1.0,1.0,1.0,1.0,0.11139726638793945
3999,1.0,1.0,1.0,1.0,1.0,0.1062312126159668
4000,1.0,1.0,1.0,1.0,1.0,0.1022186279296875
4001,1.0,1.0,1.0,1.0,1.0,0.11121082305908203
4002,1.0,1.0,1.0,1.0,1.0,0.11348772048950195
4003,1.0,1.0,1.0,1.0,1.0,0.12158608436584473
4004,1.0,1.0,1.0,1.0,1.0,0.13456010818481445
4005,1.0,1.0,1.0,1.0,1.0,0.13390135765075684
4006,1.0,1.0,1.0,1.0,1.0,0.19889140129089355
4007,1.0,1.0,1.0,1.0,1.0,0.11874532699584961
4008,1.0,1.0,1.0,1.0,1.0,0.09546089172363281
4009,1.0,1.0,1.0,1.0,1.0,0.10497045516967773
4010,1.0,1.0,1.0,1.0,1.0,0.11859869956970215
4011,1.0,1.0,1.0,1.0,1.0,0.1422288417816162
4012,1.0,1.0,1.0,1.0,1.0,0.130784273147583
4013,1.0,1.0,1.0,1.0,1.0,0.0967721939086914
4014,1.0,1.0,1.0,1.0,1.0,0.18117260932922363
4015,1.0,1.0,1.0,1.0,1.0,0.15160155296325684
4016,1.0,1.0,1.0,1.0,1.0,0.13437104225158691
4017,1.0,1.0,1.0,1.0,1.0,0.1481623649597168
4018,1.0,1.0,1.0,1.0,1.0,0.11118245124816895
4019,1.0,1.0,1.0,1.0,1.0,0.0995035171508789
4020,1.0,1.0,1.0,1.0,1.0,0.08971095085144043
4021,1.0,1.0,1.0,1.0,1.0,0.09477758407592773
4022,1.0,1.0,1.0,1.0,1.0,0.09552240371704102
4023,1.0,1.0,1.0,1.0,1.0,0.11445140838623047
4024,1.0,1.0,1.0,1.0,1.0,0.10968422889709473
4025,1.0,1.0,1.0,1.0,1.0,0.10100126266479492
4026,1.0,1.0,1.0,1.0,1.0,0.11182689666748047
4027,1.0,1.0,1.0,1.0,1.0,0.09273695945739746
4028,1.0,1.0,1.0,1.0,1.0,0.11145544052124023
4029,1.0,1.0,1.0,1.0,1.0,0.08795976638793945
4030,1.0,0.5,0.5,1.0,0.6666666666666666,0.10454916954040527
4031,1.0,1.0,1.0,1.0,1.0,0.08771443367004395
4032,1.0,1.0,1.0,1.0,1.0,0.10350799560546875
4033,1.0,1.0,1.0,1.0,1.0,0.10203719139099121
4034,1.0,1.0,1.0,1.0,1.0,0.11042022705078125
4035,1.0,1.0,1.0,1.0,1.0,0.09334850311279297
4036,1.0,1.0,1.0,1.0,1.0,0.1046290397644043
4037,1.0,1.0,1.0,1.0,1.0,0.14340972900390625
4038,1.0,1.0,1.0,1.0,1.0,0.11800765991210938
4039,1.0,1.0,1.0,1.0,1.0,0.11104655265808105
4040,1.0,1.0,1.0,1.0,1.0,0.12003016471862793
4041,1.0,1.0,1.0,1.0,1.0,0.1245734691619873
4042,1.0,1.0,1.0,1.0,1.0,0.12288093566894531
4043,1.0,1.0,1.0,1.0,1.0,0.12391209602355957
4044,1.0,1.0,1.0,1.0,1.0,0.11654233932495117
4045,1.0,1.0,1.0,1.0,1.0,0.1281743049621582
4046,1.0,1.0,1.0,1.0,1.0,0.1039576530456543
4047,1.0,1.0,1.0,1.0,1.0,0.1099083423614502
4048,1.0,1.0,1.0,1.0,1.0,0.1101541519165039
4049,1.0,1.0,1.0,1.0,1.0,0.1273188591003418
4050,1.0,1.0,1.0,1.0,1.0,0.11980748176574707
4051,1.0,1.0,1.0,1.0,1.0,0.10157060623168945
4052,1.0,1.0,1.0,1.0,1.0,0.10641789436340332
4053,1.0,1.0,1.0,1.0,1.0,0.10782527923583984
4054,1.0,1.0,1.0,1.0,1.0,0.09718656539916992
4055,1.0,1.0,1.0,1.0,1.0,0.09434771537780762
4056,1.0,1.0,1.0,1.0,1.0,0.1001589298248291
4057,1.0,1.0,1.0,1.0,1.0,0.09047055244445801
4058,1.0,1.0,1.0,1.0,1.0,0.10211181640625
4059,1.0,1.0,1.0,1.0,1.0,0.10147857666015625
4060,1.0,1.0,1.0,1.0,1.0,0.1071469783782959
4061,1.0,1.0,1.0,1.0,1.0,0.1231229305267334
4062,1.0,1.0,1.0,1.0,1.0,0.5228471755981445
4063,1.0,1.0,1.0,1.0,1.0,0.3415677547454834
4064,1.0,1.0,1.0,1.0,1.0,0.23198461532592773
4065,1.0,1.0,1.0,1.0,1.0,0.23188114166259766
4066,1.0,1.0,1.0,1.0,1.0,0.12496709823608398
4067,1.0,1.0,1.0,1.0,1.0,0.10458755493164062
4068,1.0,1.0,1.0,1.0,1.0,0.11143326759338379
4069,1.0,1.0,1.0,1.0,1.0,0.1011817455291748
4070,1.0,1.0,1.0,1.0,1.0,0.10398054122924805
4071,1.0,1.0,1.0,1.0,1.0,0.09575939178466797
4072,1.0,1.0,1.0,1.0,1.0,0.0951681137084961
4073,1.0,1.0,1.0,1.0,1.0,0.10683631896972656
4074,1.0,1.0,1.0,1.0,1.0,0.09921646118164062
4075,1.0,1.0,1.0,1.0,1.0,0.09548401832580566
4076,1.0,1.0,1.0,1.0,1.0,0.09592461585998535
4077,1.0,1.0,1.0,1.0,1.0,0.1279313564300537
4078,1.0,1.0,1.0,1.0,1.0,0.11193227767944336
4079,1.0,1.0,1.0,1.0,1.0,0.09555554389953613
4080,1.0,1.0,1.0,1.0,1.0,0.12202000617980957
4081,1.0,1.0,1.0,1.0,1.0,0.09800362586975098
4082,1.0,1.0,1.0,1.0,1.0,0.10878658294677734
4083,1.0,1.0,1.0,1.0,1.0,0.12272381782531738
4084,1.0,1.0,1.0,1.0,1.0,0.10652351379394531
4085,1.0,1.0,1.0,1.0,1.0,0.1106410026550293
4086,1.0,1.0,1.0,1.0,1.0,0.10572123527526855
4087,1.0,1.0,1.0,1.0,1.0,0.11703968048095703
4088,1.0,1.0,1.0,1.0,1.0,0.10762834548950195
4089,1.0,1.0,1.0,1.0,1.0,0.11414408683776855
4090,1.0,1.0,1.0,1.0,1.0,0.09842896461486816
4091,1.0,1.0,1.0,1.0,1.0,0.10644316673278809
4092,1.0,1.0,1.0,1.0,1.0,0.12528085708618164
4093,1.0,1.0,1.0,1.0,1.0,0.11450552940368652
4094,1.0,1.0,1.0,1.0,1.0,0.11109209060668945
4095,1.0,1.0,1.0,1.0,1.0,0.11231112480163574
4096,1.0,1.0,1.0,1.0,1.0,0.10343003273010254
4097,1.0,1.0,1.0,1.0,1.0,0.09170818328857422
4098,1.0,1.0,1.0,1.0,1.0,0.11352896690368652
4099,1.0,1.0,1.0,1.0,1.0,0.11061334609985352
4100,1.0,1.0,1.0,1.0,1.0,0.10966897010803223
4101,1.0,1.0,1.0,1.0,1.0,0.07784032821655273
4102,1.0,1.0,1.0,1.0,1.0,0.06513333320617676
4103,1.0,1.0,1.0,1.0,1.0,0.07125711441040039
4104,1.0,1.0,1.0,1.0,1.0,0.06067371368408203
4105,1.0,1.0,1.0,1.0,1.0,0.06551027297973633
4106,1.0,1.0,1.0,1.0,1.0,0.06537055969238281
4107,1.0,1.0,1.0,1.0,1.0,0.057164669036865234
4108,1.0,1.0,1.0,1.0,1.0,0.05201578140258789
4109,1.0,1.0,1.0,1.0,1.0,0.05529499053955078
4110,1.0,1.0,1.0,1.0,1.0,0.06637001037597656
4111,1.0,1.0,1.0,1.0,1.0,0.06623005867004395
4112,1.0,1.0,1.0,1.0,1.0,0.05853438377380371
4113,1.0,1.0,1.0,1.0,1.0,0.06703567504882812
4114,1.0,1.0,1.0,1.0,1.0,0.054229736328125
4115,1.0,1.0,1.0,1.0,1.0,0.07251310348510742
4116,1.0,1.0,1.0,1.0,1.0,0.05056166648864746
4117,1.0,1.0,1.0,1.0,1.0,0.04899430274963379
4118,1.0,1.0,1.0,1.0,1.0,0.07324624061584473
4119,1.0,1.0,1.0,1.0,1.0,0.08206796646118164
4120,1.0,1.0,1.0,1.0,1.0,0.0572972297668457
4121,1.0,1.0,1.0,1.0,1.0,0.04159259796142578
4122,1.0,1.0,1.0,1.0,1.0,0.033623695373535156
4123,1.0,1.0,1.0,1.0,1.0,0.03306889533996582
4124,1.0,1.0,1.0,1.0,1.0,0.03331112861633301
4125,1.0,1.0,1.0,1.0,1.0,0.05197024345397949
4126,1.0,1.0,1.0,1.0,1.0,0.0448606014251709
4127,1.0,1.0,1.0,1.0,1.0,0.049695730209350586
4128,1.0,1.0,1.0,1.0,1.0,0.0545501708984375
4129,1.0,1.0,1.0,1.0,1.0,0.039247751235961914
4130,1.0,1.0,1.0,1.0,1.0,0.07921433448791504
4131,1.0,1.0,1.0,1.0,1.0,0.07503199577331543
4132,1.0,1.0,1.0,1.0,1.0,0.062288522720336914
4133,1.0,1.0,1.0,1.0,1.0,0.05342459678649902
4134,1.0,1.0,1.0,1.0,1.0,0.06032419204711914
4135,1.0,1.0,1.0,1.0,1.0,0.06378746032714844
4136,1.0,1.0,1.0,1.0,1.0,0.06069040298461914
4137,1.0,1.0,1.0,1.0,1.0,0.056265830993652344
4138,1.0,1.0,1.0,1.0,1.0,0.04919838905334473
4139,1.0,1.0,1.0,1.0,1.0,0.057756900787353516
4140,1.0,1.0,1.0,1.0,1.0,0.05277514457702637
4141,1.0,1.0,1.0,1.0,1.0,0.06044149398803711
4142,1.0,1.0,1.0,1.0,1.0,0.07078289985656738
4143,1.0,1.0,1.0,1.0,1.0,0.09327912330627441
4144,1.0,1.0,1.0,1.0,1.0,0.08680939674377441
4145,1.0,1.0,1.0,1.0,1.0,0.07303524017333984
4146,1.0,1.0,1.0,1.0,1.0,0.08340263366699219
4147,1.0,1.0,1.0,1.0,1.0,0.0573115348815918
4148,1.0,1.0,1.0,1.0,1.0,0.051178693771362305
4149,1.0,1.0,1.0,1.0,1.0,0.054826974868774414
4150,1.0,1.0,1.0,1.0,1.0,0.057753801345825195
4151,1.0,1.0,1.0,1.0,1.0,0.058611392974853516
4152,1.0,1.0,1.0,1.0,1.0,0.05835223197937012
4153,1.0,1.0,1.0,1.0,1.0,0.05767464637756348
4154,1.0,1.0,1.0,1.0,1.0,0.05158066749572754
4155,1.0,1.0,1.0,1.0,1.0,0.06631731986999512
4156,1.0,1.0,1.0,1.0,1.0,0.06802535057067871
4157,1.0,1.0,1.0,1.0,1.0,0.054708242416381836
4158,1.0,1.0,1.0,1.0,1.0,0.04478096961975098
4159,1.0,1.0,1.0,1.0,1.0,0.041098833084106445
4160,1.0,1.0,1.0,1.0,1.0,0.04261040687561035
4161,1.0,1.0,1.0,1.0,1.0,0.040209054946899414
4162,1.0,1.0,1.0,1.0,1.0,0.03847026824951172
4163,1.0,1.0,1.0,1.0,1.0,0.03465437889099121
4164,1.0,1.0,1.0,1.0,1.0,0.038545846939086914
4165,1.0,1.0,1.0,1.0,1.0,0.04088783264160156
4166,1.0,1.0,1.0,1.0,1.0,0.03290748596191406
4167,1.0,1.0,1.0,1.0,1.0,0.023082971572875977
4168,1.0,1.0,1.0,1.0,1.0,0.03298330307006836
4169,1.0,1.0,1.0,1.0,1.0,0.026327848434448242
4170,1.0,1.0,1.0,1.0,1.0,0.032900333404541016
4171,1.0,1.0,1.0,1.0,1.0,0.0443120002746582
4172,1.0,1.0,1.0,1.0,1.0,0.0525822639465332
4173,1.0,1.0,1.0,1.0,1.0,0.04318118095397949
4174,1.0,1.0,1.0,1.0,1.0,0.045928239822387695
4175,1.0,1.0,1.0,1.0,1.0,0.04227876663208008
4176,1.0,1.0,1.0,1.0,1.0,0.07335090637207031
4177,1.0,1.0,1.0,1.0,1.0,0.0663297176361084
4178,1.0,1.0,1.0,1.0,1.0,0.04181623458862305
4179,1.0,1.0,1.0,1.0,1.0,0.039719581604003906
4180,1.0,1.0,1.0,1.0,1.0,0.024782419204711914
4181,1.0,1.0,1.0,1.0,1.0,0.0468294620513916
4182,1.0,1.0,1.0,1.0,1.0,0.03588461875915527
4183,1.0,1.0,1.0,1.0,1.0,0.04091787338256836
4184,1.0,1.0,1.0,1.0,1.0,0.04224896430969238
4185,1.0,1.0,1.0,1.0,1.0,0.03157782554626465
4186,1.0,1.0,1.0,1.0,1.0,0.02485966682434082
4187,1.0,1.0,1.0,1.0,1.0,0.024871110916137695
4188,1.0,1.0,1.0,1.0,1.0,0.05831289291381836
4189,1.0,1.0,1.0,1.0,1.0,0.0657358169555664
4190,1.0,1.0,1.0,1.0,1.0,0.06561040878295898
4191,1.0,1.0,1.0,1.0,1.0,0.06882619857788086
4192,1.0,1.0,1.0,1.0,1.0,0.09269952774047852
4193,1.0,1.0,1.0,1.0,1.0,0.13117742538452148
4194,1.0,1.0,1.0,1.0,1.0,0.0851297378540039
4195,1.0,1.0,1.0,1.0,1.0,0.04162168502807617
4196,1.0,1.0,1.0,1.0,1.0,0.03270983695983887
4197,1.0,1.0,1.0,1.0,1.0,0.04958987236022949
4198,1.0,1.0,1.0,1.0,1.0,0.05743741989135742
4199,1.0,1.0,1.0,1.0,1.0,0.05496549606323242
4200,1.0,1.0,1.0,1.0,1.0,0.043766021728515625
4201,1.0,1.0,1.0,1.0,1.0,0.04100465774536133
4202,1.0,1.0,1.0,1.0,1.0,0.042749643325805664
4203,1.0,1.0,1.0,1.0,1.0,0.047597408294677734
4204,1.0,1.0,1.0,1.0,1.0,0.06624889373779297
4205,1.0,1.0,1.0,1.0,1.0,0.050565242767333984
4206,1.0,1.0,1.0,1.0,1.0,0.037798166275024414
4207,1.0,1.0,1.0,1.0,1.0,0.026653289794921875
4208,1.0,1.0,1.0,1.0,1.0,0.046860456466674805
4209,1.0,1.0,1.0,1.0,1.0,0.021360397338867188
4210,1.0,1.0,1.0,1.0,1.0,0.03834795951843262
4211,1.0,1.0,1.0,1.0,1.0,0.04037046432495117
4212,1.0,1.0,1.0,1.0,1.0,0.043905019760131836
4213,1.0,1.0,1.0,1.0,1.0,0.039878129959106445
4214,1.0,1.0,1.0,1.0,1.0,0.03784751892089844
4215,1.0,1.0,1.0,1.0,1.0,0.034888267517089844
4216,1.0,1.0,1.0,1.0,1.0,0.05650758743286133
4217,1.0,1.0,1.0,1.0,1.0,0.05539512634277344
4218,1.0,1.0,1.0,1.0,1.0,0.02641773223876953
4219,1.0,1.0,1.0,1.0,1.0,0.02441120147705078
4220,1.0,1.0,1.0,1.0,1.0,0.03285098075866699
4221,1.0,1.0,1.0,1.0,1.0,0.024750471115112305
4222,1.0,1.0,1.0,1.0,1.0,0.03371548652648926
4223,1.0,1.0,1.0,1.0,1.0,0.03228569030761719
4224,1.0,1.0,1.0,1.0,1.0,0.02444148063659668
4225,1.0,1.0,1.0,1.0,1.0,0.03247189521789551
4226,1.0,1.0,1.0,1.0,1.0,0.02515268325805664
4227,1.0,1.0,1.0,1.0,1.0,0.03263521194458008
4228,1.0,1.0,1.0,1.0,1.0,0.03252410888671875
4229,1.0,1.0,1.0,1.0,1.0,0.04158306121826172
4230,1.0,1.0,1.0,1.0,1.0,0.03338193893432617
4231,1.0,1.0,1.0,1.0,1.0,0.03352689743041992
4232,1.0,1.0,1.0,1.0,1.0,0.03297877311706543
4233,1.0,1.0,1.0,1.0,1.0,0.02499699592590332
4234,1.0,1.0,1.0,1.0,1.0,0.04102945327758789
4235,1.0,1.0,1.0,1.0,1.0,0.02390265464782715
4236,1.0,1.0,1.0,1.0,1.0,0.02472209930419922
4237,1.0,1.0,1.0,1.0,1.0,0.03170347213745117
4238,1.0,1.0,1.0,1.0,1.0,0.02709197998046875
4239,1.0,1.0,1.0,1.0,1.0,0.03418159484863281
4240,1.0,1.0,1.0,1.0,1.0,0.0247342586517334
4241,1.0,1.0,1.0,1.0,1.0,0.024793624877929688
4242,1.0,1.0,1.0,1.0,1.0,0.022212505340576172
4243,1.0,1.0,1.0,1.0,1.0,0.0420989990234375
4244,1.0,1.0,1.0,1.0,1.0,0.03292417526245117
4245,1.0,1.0,1.0,1.0,1.0,0.04861569404602051
4246,1.0,1.0,1.0,1.0,1.0,0.04010510444641113
4247,1.0,1.0,1.0,1.0,1.0,0.0397031307220459
4248,1.0,1.0,1.0,1.0,1.0,0.061281681060791016
4249,1.0,1.0,1.0,1.0,1.0,0.0669405460357666
4250,1.0,1.0,1.0,1.0,1.0,0.05017495155334473
4251,1.0,1.0,1.0,1.0,1.0,0.03374314308166504
4252,1.0,1.0,1.0,1.0,1.0,0.036580801010131836
4253,1.0,1.0,1.0,1.0,1.0,0.04502749443054199
4254,1.0,1.0,1.0,1.0,1.0,0.03494143486022949
4255,1.0,1.0,1.0,1.0,1.0,0.03869318962097168
4256,1.0,1.0,1.0,1.0,1.0,0.04105544090270996
4257,1.0,1.0,1.0,1.0,1.0,0.05126500129699707
4258,1.0,1.0,1.0,1.0,1.0,0.0630795955657959
4259,1.0,1.0,1.0,1.0,1.0,0.06989884376525879
4260,1.0,1.0,1.0,1.0,1.0,0.03799772262573242
4261,1.0,1.0,1.0,1.0,1.0,0.06718730926513672
4262,1.0,1.0,1.0,1.0,1.0,0.1013796329498291
4263,1.0,1.0,1.0,1.0,1.0,0.11120200157165527
4264,1.0,1.0,1.0,1.0,1.0,0.09109377861022949
4265,1.0,1.0,1.0,1.0,1.0,0.05074357986450195
4266,1.0,1.0,1.0,1.0,1.0,0.07021331787109375
4267,1.0,1.0,1.0,1.0,1.0,0.07090616226196289
4268,1.0,1.0,1.0,1.0,1.0,0.04254722595214844
4269,1.0,1.0,1.0,1.0,1.0,0.05995011329650879
4270,1.0,1.0,1.0,1.0,1.0,0.06839776039123535
4271,1.0,1.0,1.0,1.0,1.0,0.039873361587524414
4272,1.0,1.0,1.0,1.0,1.0,0.0331263542175293
4273,1.0,1.0,1.0,1.0,1.0,0.03334522247314453
4274,1.0,1.0,1.0,1.0,1.0,0.03942465782165527
4275,1.0,1.0,1.0,1.0,1.0,0.045676231384277344
4276,1.0,1.0,1.0,1.0,1.0,0.06389260292053223
4277,1.0,1.0,1.0,1.0,1.0,0.06625747680664062
4278,1.0,1.0,1.0,1.0,1.0,0.06157207489013672
4279,1.0,1.0,1.0,1.0,1.0,0.028664588928222656
4280,1.0,1.0,1.0,1.0,1.0,0.04871702194213867
4281,1.0,1.0,1.0,1.0,1.0,0.040711164474487305
4282,1.0,1.0,1.0,1.0,1.0,0.0585329532623291
4283,1.0,1.0,1.0,1.0,1.0,0.048761606216430664
4284,1.0,1.0,1.0,1.0,1.0,0.041845083236694336
4285,1.0,1.0,1.0,1.0,1.0,0.04358077049255371
4286,1.0,1.0,1.0,1.0,1.0,0.06370949745178223
4287,1.0,1.0,1.0,1.0,1.0,0.050032615661621094
4288,1.0,1.0,1.0,1.0,1.0,0.04115438461303711
4289,1.0,1.0,1.0,1.0,1.0,0.04114532470703125
4290,1.0,1.0,1.0,1.0,1.0,0.03276252746582031
4291,1.0,1.0,1.0,1.0,1.0,0.041490793228149414
4292,1.0,1.0,1.0,1.0,1.0,0.04147648811340332
4293,1.0,1.0,1.0,1.0,1.0,0.032579660415649414
4294,1.0,1.0,1.0,1.0,1.0,0.03477191925048828
4295,1.0,1.0,1.0,1.0,1.0,0.03957319259643555
4296,1.0,1.0,1.0,1.0,1.0,0.04042410850524902
4297,1.0,1.0,1.0,1.0,1.0,0.04942178726196289
4298,1.0,1.0,1.0,1.0,1.0,0.0419464111328125
4299,1.0,1.0,1.0,1.0,1.0,0.028436660766601562
4300,1.0,1.0,1.0,1.0,1.0,0.028246164321899414
4301,1.0,1.0,1.0,1.0,1.0,0.041597843170166016
4302,1.0,1.0,1.0,1.0,1.0,0.0330812931060791
4303,1.0,1.0,1.0,1.0,1.0,0.02447819709777832
4304,1.0,1.0,1.0,1.0,1.0,0.05821514129638672
4305,1.0,1.0,1.0,1.0,1.0,0.040990591049194336
4306,1.0,1.0,1.0,1.0,1.0,0.03287339210510254
4307,1.0,1.0,1.0,1.0,1.0,0.04712939262390137
4308,1.0,1.0,1.0,1.0,1.0,0.03412747383117676
4309,1.0,1.0,1.0,1.0,1.0,0.07400870323181152
4310,1.0,1.0,1.0,1.0,1.0,0.08275365829467773
4311,1.0,1.0,1.0,1.0,1.0,0.07890462875366211
4312,1.0,1.0,1.0,1.0,1.0,0.01818227767944336
4313,1.0,1.0,1.0,1.0,1.0,0.0408172607421875
4314,1.0,1.0,1.0,1.0,1.0,0.06279969215393066
4315,1.0,1.0,1.0,1.0,1.0,0.05897688865661621
4316,1.0,1.0,1.0,1.0,1.0,0.03769397735595703
4317,1.0,1.0,1.0,1.0,1.0,0.046647071838378906
4318,1.0,1.0,1.0,1.0,1.0,0.04926300048828125
4319,1.0,1.0,1.0,1.0,1.0,0.07117986679077148
4320,1.0,1.0,1.0,1.0,1.0,0.09223818778991699
4321,1.0,1.0,1.0,1.0,1.0,0.05866193771362305
4322,1.0,1.0,1.0,1.0,1.0,0.09969425201416016
4323,1.0,1.0,1.0,1.0,1.0,0.08783817291259766
4324,1.0,1.0,1.0,1.0,1.0,0.09958672523498535
4325,1.0,1.0,1.0,1.0,1.0,0.0849463939666748
4326,1.0,1.0,1.0,1.0,1.0,0.06860566139221191
4327,1.0,1.0,1.0,1.0,1.0,0.06570649147033691
4328,1.0,1.0,1.0,1.0,1.0,0.07397866249084473
4329,1.0,1.0,1.0,1.0,1.0,0.12632298469543457
4330,1.0,1.0,1.0,1.0,1.0,0.11652112007141113
4331,1.0,1.0,1.0,1.0,1.0,0.09398150444030762
4332,1.0,1.0,1.0,1.0,1.0,0.11596202850341797
4333,1.0,1.0,1.0,1.0,1.0,0.09777426719665527
4334,1.0,1.0,1.0,1.0,1.0,0.06713128089904785
4335,1.0,1.0,1.0,1.0,1.0,0.10307192802429199
4336,1.0,1.0,1.0,1.0,1.0,0.07084274291992188
4337,1.0,1.0,1.0,1.0,1.0,0.06986451148986816
4338,1.0,1.0,1.0,1.0,1.0,0.06582784652709961
4339,1.0,1.0,1.0,1.0,1.0,0.052281856536865234
4340,1.0,1.0,1.0,1.0,1.0,0.03758072853088379
4341,1.0,1.0,1.0,1.0,1.0,0.03314685821533203
4342,1.0,1.0,1.0,1.0,1.0,0.0317835807800293
4343,1.0,1.0,1.0,1.0,1.0,0.032706499099731445
4344,1.0,1.0,1.0,1.0,1.0,0.03532218933105469
4345,1.0,1.0,1.0,1.0,1.0,0.0403287410736084
4346,1.0,1.0,1.0,1.0,1.0,0.03063058853149414
4347,1.0,1.0,1.0,1.0,1.0,0.04118967056274414
4348,1.0,1.0,1.0,1.0,1.0,0.033104658126831055
4349,1.0,1.0,1.0,1.0,1.0,0.045105695724487305
4350,1.0,1.0,1.0,1.0,1.0,0.0363156795501709
4351,1.0,1.0,1.0,1.0,1.0,0.03228282928466797
4352,1.0,1.0,1.0,1.0,1.0,0.03314924240112305
4353,1.0,1.0,1.0,1.0,1.0,0.05729532241821289
4354,1.0,1.0,1.0,1.0,1.0,0.06297111511230469
4355,1.0,1.0,1.0,1.0,1.0,0.09345173835754395
4356,1.0,1.0,1.0,1.0,1.0,0.0901484489440918
4357,1.0,1.0,1.0,1.0,1.0,0.050958871841430664
4358,1.0,1.0,1.0,1.0,1.0,0.06413555145263672
4359,1.0,1.0,1.0,1.0,1.0,0.04125642776489258
4360,1.0,1.0,1.0,1.0,1.0,0.04442310333251953
4361,1.0,1.0,1.0,1.0,1.0,0.083740234375
4362,1.0,1.0,1.0,1.0,1.0,0.0883018970489502
4363,1.0,1.0,1.0,1.0,1.0,0.039232730865478516
4364,1.0,1.0,1.0,1.0,1.0,0.05024290084838867
4365,1.0,1.0,1.0,1.0,1.0,0.04751443862915039
4366,1.0,1.0,1.0,1.0,1.0,0.032825469970703125
4367,1.0,1.0,1.0,1.0,1.0,0.05777859687805176
4368,1.0,1.0,1.0,1.0,1.0,0.04094290733337402
4369,1.0,1.0,1.0,1.0,1.0,0.04157066345214844
4370,1.0,1.0,1.0,1.0,1.0,0.04866814613342285
4371,1.0,1.0,1.0,1.0,1.0,0.04177594184875488
4372,1.0,1.0,1.0,1.0,1.0,0.03091716766357422
4373,1.0,1.0,1.0,1.0,1.0,0.034255027770996094
4374,1.0,1.0,1.0,1.0,1.0,0.025400638580322266
4375,1.0,1.0,1.0,1.0,1.0,0.044652700424194336
4376,1.0,1.0,1.0,1.0,1.0,0.18158411979675293
4377,1.0,1.0,1.0,1.0,1.0,0.14206910133361816
4378,1.0,1.0,1.0,1.0,1.0,0.11178326606750488
4379,1.0,1.0,1.0,1.0,1.0,0.12347412109375
4380,1.0,1.0,1.0,1.0,1.0,0.11114239692687988
4381,1.0,1.0,1.0,1.0,1.0,0.12733936309814453
4382,1.0,1.0,1.0,1.0,1.0,0.11380648612976074
4383,1.0,1.0,1.0,1.0,1.0,0.10725164413452148
4384,1.0,1.0,1.0,1.0,1.0,0.09215235710144043
4385,1.0,1.0,1.0,1.0,1.0,0.07682037353515625
4386,1.0,1.0,1.0,1.0,1.0,0.08066153526306152
4387,1.0,1.0,1.0,1.0,1.0,0.1296846866607666
4388,1.0,1.0,1.0,1.0,1.0,0.13521718978881836
4389,1.0,1.0,1.0,1.0,1.0,0.1258246898651123
4390,1.0,1.0,1.0,1.0,1.0,0.0956876277923584
4391,1.0,1.0,1.0,1.0,1.0,0.11681509017944336
4392,1.0,1.0,1.0,1.0,1.0,0.10473346710205078
4393,1.0,1.0,1.0,1.0,1.0,0.08354544639587402
4394,1.0,1.0,1.0,1.0,1.0,0.1049950122833252
4395,1.0,1.0,1.0,1.0,1.0,0.09560084342956543
4396,1.0,0.5,0.5,1.0,0.6666666666666666,0.1127777099609375
4397,1.0,1.0,1.0,1.0,1.0,0.10261678695678711
4398,1.0,1.0,1.0,1.0,1.0,0.09175992012023926
4399,1.0,1.0,1.0,1.0,1.0,0.09036087989807129
4400,1.0,1.0,1.0,1.0,1.0,0.09776949882507324
4401,1.0,1.0,1.0,1.0,1.0,0.11197757720947266
4402,1.0,1.0,1.0,1.0,1.0,0.09525275230407715
4403,1.0,1.0,1.0,1.0,1.0,0.11134743690490723
4404,1.0,1.0,1.0,1.0,1.0,0.14632177352905273
4405,1.0,1.0,1.0,1.0,1.0,0.11733531951904297
4406,1.0,1.0,1.0,1.0,1.0,0.12291145324707031
4407,1.0,1.0,1.0,1.0,1.0,0.12160730361938477
4408,1.0,1.0,1.0,1.0,1.0,0.11346769332885742
4409,1.0,1.0,1.0,1.0,1.0,0.19672942161560059
4410,1.0,1.0,1.0,1.0,1.0,0.38171839714050293
4411,1.0,1.0,1.0,1.0,1.0,0.2639174461364746
4412,1.0,1.0,1.0,1.0,1.0,0.22777438163757324
4413,1.0,1.0,1.0,1.0,1.0,0.35956835746765137
4414,1.0,1.0,1.0,1.0,1.0,0.2943685054779053
4415,1.0,1.0,1.0,1.0,1.0,0.32857751846313477
4416,1.0,1.0,1.0,1.0,1.0,0.23490142822265625
4417,1.0,1.0,1.0,1.0,1.0,0.1314840316772461
4418,1.0,1.0,1.0,1.0,1.0,0.18500375747680664
4419,1.0,1.0,1.0,1.0,1.0,0.19928717613220215
4420,1.0,1.0,1.0,1.0,1.0,0.1509695053100586
4421,1.0,1.0,1.0,1.0,1.0,0.18043088912963867
4422,1.0,1.0,1.0,1.0,1.0,0.16029596328735352
4423,1.0,1.0,1.0,1.0,1.0,0.11071348190307617
4424,1.0,1.0,1.0,1.0,1.0,0.09955978393554688
4425,1.0,1.0,1.0,1.0,1.0,0.1028604507446289
4426,1.0,1.0,1.0,1.0,1.0,0.10041451454162598
4427,1.0,1.0,1.0,1.0,1.0,0.09598994255065918
4428,1.0,1.0,1.0,1.0,1.0,0.10249471664428711
4429,1.0,1.0,1.0,1.0,1.0,0.13666224479675293
4430,1.0,1.0,1.0,1.0,1.0,0.12496566772460938
4431,1.0,1.0,1.0,1.0,1.0,0.11432790756225586
4432,1.0,1.0,1.0,1.0,1.0,0.12327337265014648
4433,1.0,1.0,1.0,1.0,1.0,0.1185145378112793
4434,1.0,1.0,1.0,1.0,1.0,0.08283472061157227
4435,1.0,1.0,1.0,1.0,1.0,0.1008758544921875
4436,1.0,1.0,1.0,1.0,1.0,0.08187246322631836
4437,1.0,1.0,1.0,1.0,1.0,0.10048246383666992
4438,1.0,1.0,1.0,1.0,1.0,0.09089374542236328
4439,1.0,1.0,1.0,1.0,1.0,0.09082436561584473
4440,1.0,1.0,1.0,1.0,1.0,0.11756539344787598
4441,1.0,1.0,1.0,1.0,1.0,0.16253376007080078
4442,1.0,1.0,1.0,1.0,1.0,0.17165613174438477
4443,1.0,1.0,1.0,1.0,1.0,0.13721156120300293
4444,1.0,1.0,1.0,1.0,1.0,0.08657264709472656
4445,1.0,1.0,1.0,1.0,1.0,0.11696648597717285
4446,1.0,1.0,1.0,1.0,1.0,0.1473407745361328
4447,1.0,1.0,1.0,1.0,1.0,0.13395953178405762
4448,1.0,1.0,1.0,1.0,1.0,0.14894604682922363
4449,1.0,1.0,1.0,1.0,1.0,0.1608104705810547
4450,1.0,1.0,1.0,1.0,1.0,0.12008404731750488
4451,1.0,1.0,1.0,1.0,1.0,0.10039353370666504
4452,1.0,1.0,1.0,1.0,1.0,0.10562419891357422
4453,1.0,1.0,1.0,1.0,1.0,0.1113278865814209
4454,1.0,1.0,1.0,1.0,1.0,0.10597372055053711
4455,1.0,1.0,1.0,1.0,1.0,0.11568665504455566
4456,1.0,1.0,1.0,1.0,1.0,0.14020943641662598
4457,1.0,1.0,1.0,1.0,1.0,0.13475465774536133
4458,1.0,1.0,1.0,1.0,1.0,0.14515185356140137
4459,1.0,1.0,1.0,1.0,1.0,0.13649511337280273
4460,1.0,1.0,1.0,1.0,1.0,0.12921738624572754
4461,1.0,1.0,1.0,1.0,1.0,0.12409830093383789
4462,1.0,1.0,1.0,1.0,1.0,0.09818720817565918
4463,1.0,1.0,1.0,1.0,1.0,0.2212064266204834
4464,1.0,1.0,1.0,1.0,1.0,0.1868293285369873
4465,1.0,1.0,1.0,1.0,1.0,0.12892365455627441
4466,1.0,1.0,1.0,1.0,1.0,0.12077164649963379
4467,1.0,1.0,1.0,1.0,1.0,0.10933232307434082
4468,1.0,1.0,1.0,1.0,1.0,0.10453391075134277
4469,1.0,1.0,1.0,1.0,1.0,0.11234021186828613
4470,1.0,1.0,1.0,1.0,1.0,0.09203934669494629
4471,1.0,1.0,1.0,1.0,1.0,0.11697030067443848
4472,1.0,1.0,1.0,1.0,1.0,0.11931109428405762
4473,1.0,1.0,1.0,1.0,1.0,0.12068057060241699
4474,1.0,1.0,1.0,1.0,1.0,0.09966301918029785
4475,1.0,1.0,1.0,1.0,1.0,0.12024116516113281
4476,1.0,1.0,1.0,1.0,1.0,0.13944530487060547
4477,1.0,1.0,1.0,1.0,1.0,0.11523199081420898
4478,1.0,1.0,1.0,1.0,1.0,0.12700629234313965
4479,1.0,1.0,1.0,1.0,1.0,0.13949108123779297
4480,1.0,1.0,1.0,1.0,1.0,0.18665289878845215
4481,1.0,1.0,1.0,1.0,1.0,0.13015294075012207
4482,1.0,1.0,1.0,1.0,1.0,0.1250157356262207
4483,1.0,1.0,1.0,1.0,1.0,0.09471678733825684
4484,1.0,1.0,1.0,1.0,1.0,0.11850857734680176
4485,1.0,1.0,1.0,1.0,1.0,0.12268710136413574
4486,1.0,1.0,1.0,1.0,1.0,0.12278366088867188
4487,1.0,1.0,1.0,1.0,1.0,0.11837887763977051
4488,1.0,1.0,1.0,1.0,1.0,0.13134503364562988
4489,1.0,1.0,1.0,1.0,1.0,0.1135566234588623
4490,1.0,1.0,1.0,1.0,1.0,0.1197667121887207
4491,1.0,1.0,1.0,1.0,1.0,0.21538257598876953
4492,1.0,1.0,1.0,1.0,1.0,0.21972203254699707
4493,1.0,1.0,1.0,1.0,1.0,0.19300246238708496
4494,1.0,1.0,1.0,1.0,1.0,0.20821475982666016
4495,1.0,1.0,1.0,1.0,1.0,0.14804625511169434
4496,1.0,1.0,1.0,1.0,1.0,0.14916658401489258
4497,1.0,1.0,1.0,1.0,1.0,0.17397284507751465
4498,1.0,1.0,1.0,1.0,1.0,0.18168163299560547
4499,1.0,1.0,1.0,1.0,1.0,0.17521071434020996
4500,1.0,1.0,1.0,1.0,1.0,0.16884922981262207
4501,1.0,1.0,1.0,1.0,1.0,0.11413931846618652
4502,1.0,1.0,1.0,1.0,1.0,0.13038134574890137
4503,1.0,1.0,1.0,1.0,1.0,0.12895488739013672
4504,1.0,1.0,1.0,1.0,1.0,0.11871576309204102
4505,1.0,1.0,1.0,1.0,1.0,0.13724780082702637
4506,1.0,1.0,1.0,1.0,1.0,0.13482904434204102
4507,1.0,1.0,1.0,1.0,1.0,0.17796754837036133
4508,1.0,1.0,1.0,1.0,1.0,0.12470865249633789
4509,1.0,1.0,1.0,1.0,1.0,0.13053297996520996
4510,1.0,1.0,1.0,1.0,1.0,0.12485837936401367
4511,1.0,1.0,1.0,1.0,1.0,0.1429271697998047
4512,1.0,1.0,1.0,1.0,1.0,0.13539814949035645
4513,1.0,1.0,1.0,1.0,1.0,0.13825321197509766
4514,1.0,1.0,1.0,1.0,1.0,0.1332082748413086
4515,1.0,1.0,1.0,1.0,1.0,0.13973355293273926
4516,1.0,1.0,1.0,1.0,1.0,0.13226866722106934
4517,1.0,1.0,1.0,1.0,1.0,0.10518407821655273
4518,1.0,1.0,1.0,1.0,1.0,0.12575268745422363
4519,1.0,1.0,1.0,1.0,1.0,0.1506037712097168
4520,1.0,1.0,1.0,1.0,1.0,0.1251976490020752
4521,1.0,1.0,1.0,1.0,1.0,0.11606335639953613
4522,1.0,1.0,1.0,1.0,1.0,0.13175034523010254
4523,1.0,1.0,1.0,1.0,1.0,0.13196778297424316
4524,1.0,1.0,1.0,1.0,1.0,0.14264440536499023
4525,1.0,1.0,1.0,1.0,1.0,0.11546635627746582
4526,1.0,1.0,1.0,1.0,1.0,0.12786436080932617
4527,1.0,1.0,1.0,1.0,1.0,0.12347817420959473
4528,1.0,1.0,1.0,1.0,1.0,0.11947083473205566
4529,1.0,1.0,1.0,1.0,1.0,0.1625673770904541
4530,1.0,1.0,1.0,1.0,1.0,0.1474909782409668
4531,1.0,1.0,1.0,1.0,1.0,0.11696267127990723
4532,1.0,1.0,1.0,1.0,1.0,0.1262342929840088
4533,1.0,1.0,1.0,1.0,1.0,0.13757061958312988
4534,1.0,1.0,1.0,1.0,1.0,0.1109611988067627
4535,1.0,1.0,1.0,1.0,1.0,0.12143707275390625
4536,1.0,1.0,1.0,1.0,1.0,0.15031671524047852
4537,1.0,1.0,1.0,1.0,1.0,0.3318772315979004
4538,1.0,1.0,1.0,1.0,1.0,0.2506580352783203
4539,1.0,1.0,1.0,1.0,1.0,0.30260348320007324
4540,1.0,1.0,1.0,1.0,1.0,0.4489481449127197
4541,1.0,1.0,1.0,1.0,1.0,0.2663881778717041
4542,1.0,1.0,1.0,1.0,1.0,0.23928380012512207
4543,1.0,1.0,1.0,1.0,1.0,0.13402628898620605
4544,1.0,1.0,1.0,1.0,1.0,0.18520522117614746
4545,1.0,1.0,1.0,1.0,1.0,0.3231527805328369
4546,1.0,1.0,1.0,1.0,1.0,0.29143476486206055
4547,1.0,1.0,1.0,1.0,1.0,0.17900633811950684
4548,1.0,1.0,1.0,1.0,1.0,0.11711740493774414
4549,1.0,1.0,1.0,1.0,1.0,0.13037586212158203
4550,1.0,1.0,1.0,1.0,1.0,0.14735746383666992
4551,1.0,1.0,1.0,1.0,1.0,0.1360633373260498
4552,1.0,1.0,1.0,1.0,1.0,0.1129446029663086
4553,1.0,1.0,1.0,1.0,1.0,0.12883639335632324
4554,1.0,1.0,1.0,1.0,1.0,0.12620091438293457
4555,1.0,1.0,1.0,1.0,1.0,0.14393258094787598
4556,1.0,1.0,1.0,1.0,1.0,0.1422116756439209
4557,1.0,1.0,1.0,1.0,1.0,0.16653776168823242
4558,1.0,1.0,1.0,1.0,1.0,0.12983155250549316
4559,1.0,1.0,1.0,1.0,1.0,0.12030506134033203
4560,1.0,1.0,1.0,1.0,1.0,0.11813569068908691
4561,1.0,1.0,1.0,1.0,1.0,0.11841034889221191
4562,1.0,1.0,1.0,1.0,1.0,0.11273980140686035
4563,1.0,1.0,1.0,1.0,1.0,0.10905337333679199
4564,1.0,1.0,1.0,1.0,1.0,0.11327147483825684
4565,1.0,1.0,1.0,1.0,1.0,0.11977386474609375
4566,1.0,1.0,1.0,1.0,1.0,0.10904932022094727
4567,1.0,1.0,1.0,1.0,1.0,0.08766484260559082
4568,1.0,1.0,1.0,1.0,1.0,0.07216882705688477
4569,1.0,1.0,1.0,1.0,1.0,0.07323551177978516
4570,1.0,1.0,1.0,1.0,1.0,0.06468391418457031
4571,1.0,1.0,1.0,1.0,1.0,0.06636404991149902
4572,1.0,1.0,1.0,1.0,1.0,0.0576627254486084
4573,1.0,1.0,1.0,1.0,1.0,0.08666872978210449
4574,1.0,1.0,1.0,1.0,1.0,0.07924008369445801
4575,1.0,1.0,1.0,1.0,1.0,0.08364391326904297
4576,1.0,1.0,1.0,1.0,1.0,0.08622264862060547
4577,1.0,1.0,1.0,1.0,1.0,0.04939889907836914
4578,1.0,1.0,1.0,1.0,1.0,0.08039617538452148
4579,1.0,1.0,1.0,1.0,1.0,0.06547832489013672
4580,1.0,1.0,1.0,1.0,1.0,0.0738210678100586
4581,1.0,1.0,1.0,1.0,1.0,0.06549954414367676
4582,1.0,1.0,1.0,1.0,1.0,0.07306528091430664
4583,1.0,1.0,1.0,1.0,1.0,0.04938769340515137
4584,1.0,1.0,1.0,1.0,1.0,0.04978179931640625
4585,1.0,1.0,1.0,1.0,1.0,0.06154179573059082
4586,1.0,1.0,1.0,1.0,1.0,0.035067081451416016
4587,1.0,1.0,1.0,1.0,1.0,0.057740211486816406
4588,1.0,1.0,1.0,1.0,1.0,0.056546688079833984
4589,1.0,1.0,1.0,1.0,1.0,0.04581284523010254
4590,1.0,1.0,1.0,1.0,1.0,0.029850482940673828
4591,1.0,1.0,1.0,1.0,1.0,0.06634259223937988
4592,1.0,1.0,1.0,1.0,1.0,0.0862281322479248
4593,1.0,1.0,1.0,1.0,1.0,0.060610294342041016
4594,1.0,1.0,1.0,1.0,1.0,0.05792236328125
4595,1.0,1.0,1.0,1.0,1.0,0.06334233283996582
4596,1.0,1.0,1.0,1.0,1.0,0.043788909912109375
4597,1.0,1.0,1.0,1.0,1.0,0.04938387870788574
4598,1.0,1.0,1.0,1.0,1.0,0.05559873580932617
4599,1.0,1.0,1.0,1.0,1.0,0.05765724182128906
4600,1.0,1.0,1.0,1.0,1.0,0.05913043022155762
4601,1.0,1.0,1.0,1.0,1.0,0.04037165641784668
4602,1.0,1.0,1.0,1.0,1.0,0.0427250862121582
4603,1.0,1.0,1.0,1.0,1.0,0.03229832649230957
4604,1.0,1.0,1.0,1.0,1.0,0.03281903266906738
4605,1.0,1.0,1.0,1.0,1.0,0.04435896873474121
4606,1.0,1.0,1.0,1.0,1.0,0.05340886116027832
4607,1.0,1.0,1.0,1.0,1.0,0.043364763259887695
4608,1.0,1.0,1.0,1.0,1.0,0.04286599159240723
4609,1.0,1.0,1.0,1.0,1.0,0.04631781578063965
4610,1.0,1.0,1.0,1.0,1.0,0.032479286193847656
4611,1.0,1.0,1.0,1.0,1.0,0.049323081970214844
4612,1.0,1.0,1.0,1.0,1.0,0.06657028198242188
4613,1.0,1.0,1.0,1.0,1.0,0.06571769714355469
4614,1.0,1.0,1.0,1.0,1.0,0.033669471740722656
4615,1.0,1.0,1.0,1.0,1.0,0.04146766662597656
4616,1.0,1.0,1.0,1.0,1.0,0.041338443756103516
4617,1.0,1.0,1.0,1.0,1.0,0.05923771858215332
4618,1.0,1.0,1.0,1.0,1.0,0.06860971450805664
4619,1.0,1.0,1.0,1.0,1.0,0.06262850761413574
4620,1.0,1.0,1.0,1.0,1.0,0.06311154365539551
4621,1.0,1.0,1.0,1.0,1.0,0.05950427055358887
4622,1.0,1.0,1.0,1.0,1.0,0.04018282890319824
4623,1.0,1.0,1.0,1.0,1.0,0.06300830841064453
4624,1.0,1.0,1.0,1.0,1.0,0.054509639739990234
4625,1.0,1.0,1.0,1.0,1.0,0.05729103088378906
4626,1.0,1.0,1.0,1.0,1.0,0.05778217315673828
4627,1.0,1.0,1.0,1.0,1.0,0.0491483211517334
4628,1.0,1.0,1.0,1.0,1.0,0.049231767654418945
4629,1.0,1.0,1.0,1.0,1.0,0.03323054313659668
4630,1.0,1.0,1.0,1.0,1.0,0.057974815368652344
4631,1.0,1.0,1.0,1.0,1.0,0.06664657592773438
4632,1.0,1.0,1.0,1.0,1.0,0.06734609603881836
4633,1.0,1.0,1.0,1.0,1.0,0.06477141380310059
4634,1.0,1.0,1.0,1.0,1.0,0.04996132850646973
4635,1.0,1.0,1.0,1.0,1.0,0.04516291618347168
4636,1.0,1.0,1.0,1.0,1.0,0.05379819869995117
4637,1.0,1.0,1.0,1.0,1.0,0.04893326759338379
4638,1.0,1.0,1.0,1.0,1.0,0.04171609878540039
4639,1.0,1.0,1.0,1.0,1.0,0.07140302658081055
4640,1.0,1.0,1.0,1.0,1.0,0.053391456604003906
4641,1.0,1.0,1.0,1.0,1.0,0.049865007400512695
4642,1.0,1.0,1.0,1.0,1.0,0.04911661148071289
4643,1.0,1.0,1.0,1.0,1.0,0.04112577438354492
4644,1.0,1.0,1.0,1.0,1.0,0.024741411209106445
4645,1.0,1.0,1.0,1.0,1.0,0.030167102813720703
4646,1.0,1.0,1.0,1.0,1.0,0.01892709732055664
4647,1.0,1.0,1.0,1.0,1.0,0.04101753234863281
4648,1.0,1.0,1.0,1.0,1.0,0.04043722152709961
4649,1.0,1.0,1.0,1.0,1.0,0.05282330513000488
4650,1.0,1.0,1.0,1.0,1.0,0.0429997444152832
4651,1.0,1.0,1.0,1.0,1.0,0.059494733810424805
4652,1.0,1.0,1.0,1.0,1.0,0.05821037292480469
4653,1.0,1.0,1.0,1.0,1.0,0.06607651710510254
4654,1.0,1.0,1.0,1.0,1.0,0.06372714042663574
4655,1.0,1.0,1.0,1.0,1.0,0.05284523963928223
4656,1.0,1.0,1.0,1.0,1.0,0.045188188552856445
4657,1.0,1.0,1.0,1.0,1.0,0.05704998970031738
4658,1.0,1.0,1.0,1.0,1.0,0.05621910095214844
4659,1.0,1.0,1.0,1.0,1.0,0.06547713279724121
4660,1.0,1.0,1.0,1.0,1.0,0.06565141677856445
4661,1.0,1.0,1.0,1.0,1.0,0.041082143783569336
4662,1.0,1.0,1.0,1.0,1.0,0.049082040786743164
4663,1.0,1.0,1.0,1.0,1.0,0.032646894454956055
4664,1.0,1.0,1.0,1.0,1.0,0.03350377082824707
4665,1.0,0.5,0.5,1.0,0.6666666666666666,0.03287482261657715
4666,1.0,1.0,1.0,1.0,1.0,0.033608198165893555
4667,1.0,1.0,1.0,1.0,1.0,0.05931878089904785
4668,1.0,1.0,1.0,1.0,1.0,0.0518488883972168
4669,1.0,1.0,1.0,1.0,1.0,0.036605119705200195
4670,1.0,1.0,1.0,1.0,1.0,0.0333554744720459
4671,1.0,1.0,1.0,1.0,1.0,0.06960511207580566
4672,1.0,1.0,1.0,1.0,1.0,0.06378006935119629
4673,1.0,1.0,1.0,1.0,1.0,0.07522845268249512
4674,1.0,1.0,1.0,1.0,1.0,0.06516551971435547
4675,1.0,1.0,1.0,1.0,1.0,0.04829120635986328
4676,1.0,1.0,1.0,1.0,1.0,0.05027437210083008
4677,1.0,1.0,1.0,1.0,1.0,0.036846160888671875
4678,1.0,1.0,1.0,1.0,1.0,0.03667187690734863
4679,1.0,1.0,1.0,1.0,1.0,0.06362438201904297
4680,1.0,1.0,1.0,1.0,1.0,0.06048727035522461
4681,1.0,1.0,1.0,1.0,1.0,0.057260990142822266
4682,1.0,1.0,1.0,1.0,1.0,0.02689361572265625
4683,1.0,1.0,1.0,1.0,1.0,0.03096294403076172
4684,1.0,1.0,1.0,1.0,1.0,0.04966473579406738
4685,1.0,1.0,1.0,1.0,1.0,0.025827646255493164
4686,1.0,1.0,1.0,1.0,1.0,0.038521766662597656
4687,1.0,1.0,1.0,1.0,1.0,0.03468608856201172
4688,1.0,1.0,1.0,1.0,1.0,0.02663278579711914
4689,1.0,1.0,1.0,1.0,1.0,0.03945517539978027
4690,1.0,1.0,1.0,1.0,1.0,0.025893688201904297
4691,1.0,1.0,1.0,1.0,1.0,0.022667646408081055
4692,1.0,1.0,1.0,1.0,1.0,0.06186556816101074
4693,1.0,1.0,1.0,1.0,1.0,0.06305122375488281
4694,1.0,1.0,1.0,1.0,1.0,0.07333588600158691
4695,1.0,1.0,1.0,1.0,1.0,0.08226895332336426
4696,1.0,1.0,1.0,1.0,1.0,0.06622624397277832
4697,1.0,1.0,1.0,1.0,1.0,0.052841901779174805
4698,1.0,1.0,1.0,1.0,1.0,0.04659295082092285
4699,1.0,1.0,1.0,1.0,1.0,0.05603313446044922
4700,1.0,1.0,1.0,1.0,1.0,0.04188179969787598
4701,1.0,1.0,1.0,1.0,1.0,0.02809453010559082
4702,1.0,1.0,1.0,1.0,1.0,0.03587913513183594
4703,1.0,1.0,1.0,1.0,1.0,0.04065370559692383
4704,1.0,1.0,1.0,1.0,1.0,0.05164647102355957
4705,1.0,1.0,1.0,1.0,1.0,0.03706932067871094
4706,1.0,1.0,1.0,1.0,1.0,0.03454160690307617
4707,1.0,1.0,1.0,1.0,1.0,0.03773236274719238
4708,1.0,1.0,1.0,1.0,1.0,0.04116940498352051
4709,1.0,1.0,1.0,1.0,1.0,0.06614398956298828
4710,1.0,1.0,1.0,1.0,1.0,0.06619906425476074
4711,1.0,1.0,1.0,1.0,1.0,0.07375574111938477
4712,1.0,1.0,1.0,1.0,1.0,0.06848526000976562
4713,1.0,1.0,1.0,1.0,1.0,0.0804758071899414
4714,1.0,1.0,1.0,1.0,1.0,0.06505012512207031
4715,1.0,1.0,1.0,1.0,1.0,0.04305076599121094
4716,1.0,1.0,1.0,1.0,1.0,0.06702446937561035
4717,1.0,1.0,1.0,1.0,1.0,0.07525324821472168
4718,1.0,1.0,1.0,1.0,1.0,0.09322810173034668
4719,1.0,1.0,1.0,1.0,1.0,0.11445975303649902
4720,1.0,1.0,1.0,1.0,1.0,0.06895947456359863
4721,1.0,1.0,1.0,1.0,1.0,0.06500387191772461
4722,1.0,1.0,1.0,1.0,1.0,0.04894733428955078
4723,1.0,1.0,1.0,1.0,1.0,0.03663468360900879
4724,1.0,1.0,1.0,1.0,1.0,0.1112515926361084
4725,1.0,1.0,1.0,1.0,1.0,0.08716511726379395
4726,1.0,1.0,1.0,1.0,1.0,0.049016475677490234
4727,1.0,1.0,1.0,1.0,1.0,0.06608152389526367
4728,1.0,1.0,1.0,1.0,1.0,0.06796097755432129
4729,1.0,1.0,1.0,1.0,1.0,0.051938772201538086
4730,1.0,1.0,1.0,1.0,1.0,0.10248327255249023
4731,1.0,1.0,1.0,1.0,1.0,0.10436630249023438
4732,1.0,1.0,1.0,1.0,1.0,0.10422539710998535
4733,1.0,1.0,1.0,1.0,1.0,0.12500572204589844
4734,1.0,1.0,1.0,1.0,1.0,0.10163140296936035
4735,1.0,1.0,1.0,1.0,1.0,0.09378457069396973
4736,1.0,1.0,1.0,1.0,1.0,0.06871843338012695
4737,1.0,1.0,1.0,1.0,1.0,0.10670828819274902
4738,1.0,1.0,1.0,1.0,1.0,0.11789464950561523
4739,1.0,1.0,1.0,1.0,1.0,0.06232404708862305
4740,1.0,1.0,1.0,1.0,1.0,0.11215066909790039
4741,1.0,1.0,1.0,1.0,1.0,0.13431048393249512
4742,1.0,1.0,1.0,1.0,1.0,0.10004377365112305
4743,1.0,1.0,1.0,1.0,1.0,0.11356878280639648
4744,1.0,1.0,1.0,1.0,1.0,0.11023688316345215
4745,1.0,1.0,1.0,1.0,1.0,0.08616805076599121
4746,1.0,1.0,1.0,1.0,1.0,0.06817507743835449
4747,1.0,1.0,1.0,1.0,1.0,0.060237884521484375
4748,1.0,1.0,1.0,1.0,1.0,0.0719602108001709
4749,1.0,1.0,1.0,1.0,1.0,0.06512331962585449
4750,1.0,1.0,1.0,1.0,1.0,0.06636595726013184
4751,1.0,1.0,1.0,1.0,1.0,0.06537652015686035
4752,1.0,1.0,1.0,1.0,1.0,0.04998898506164551
4753,1.0,1.0,1.0,1.0,1.0,0.049806833267211914
4754,1.0,1.0,1.0,1.0,1.0,0.04888129234313965
4755,1.0,1.0,1.0,1.0,1.0,0.05673646926879883
4756,1.0,1.0,1.0,1.0,1.0,0.05228161811828613
4757,1.0,1.0,1.0,1.0,1.0,0.05272173881530762
4758,1.0,1.0,1.0,1.0,1.0,0.06361627578735352
4759,1.0,1.0,1.0,1.0,1.0,0.05906486511230469
4760,1.0,1.0,1.0,1.0,1.0,0.041864633560180664
4761,1.0,1.0,1.0,1.0,1.0,0.0352168083190918
4762,1.0,1.0,1.0,1.0,1.0,0.03138995170593262
4763,1.0,1.0,1.0,1.0,1.0,0.04134249687194824
4764,1.0,1.0,1.0,1.0,1.0,0.052286624908447266
4765,1.0,1.0,1.0,1.0,1.0,0.030287504196166992
4766,1.0,1.0,1.0,1.0,1.0,0.04462456703186035
4767,1.0,1.0,1.0,1.0,1.0,0.04687356948852539
4768,1.0,1.0,1.0,1.0,1.0,0.030812978744506836
4769,1.0,1.0,1.0,1.0,1.0,0.06952929496765137
4770,1.0,1.0,1.0,1.0,1.0,0.04639148712158203
4771,1.0,1.0,1.0,1.0,1.0,0.049378156661987305
4772,1.0,1.0,1.0,1.0,1.0,0.025047779083251953
4773,1.0,1.0,1.0,1.0,1.0,0.036975860595703125
4774,1.0,1.0,1.0,1.0,1.0,0.04073667526245117
4775,1.0,1.0,1.0,1.0,1.0,0.05470538139343262
4776,1.0,1.0,1.0,1.0,1.0,0.05763983726501465
4777,1.0,1.0,1.0,1.0,1.0,0.05719256401062012
4778,1.0,1.0,1.0,1.0,1.0,0.04099726676940918
4779,1.0,1.0,1.0,1.0,1.0,0.03307151794433594
4780,1.0,1.0,1.0,1.0,1.0,0.02743697166442871
4781,1.0,1.0,1.0,1.0,1.0,0.03455185890197754
4782,1.0,1.0,1.0,1.0,1.0,0.04501223564147949
4783,1.0,1.0,1.0,1.0,1.0,0.029610395431518555
4784,1.0,1.0,1.0,1.0,1.0,0.026317596435546875
4785,1.0,1.0,1.0,1.0,1.0,0.050066471099853516
4786,1.0,1.0,1.0,1.0,1.0,0.02902078628540039
4787,1.0,1.0,1.0,1.0,1.0,0.03651547431945801
4788,1.0,1.0,1.0,1.0,1.0,0.040616750717163086
4789,1.0,1.0,1.0,1.0,1.0,0.049451589584350586
4790,1.0,1.0,1.0,1.0,1.0,0.031478166580200195
4791,1.0,1.0,1.0,1.0,1.0,0.05094170570373535
4792,1.0,1.0,1.0,1.0,1.0,0.059288740158081055
4793,1.0,1.0,1.0,1.0,1.0,0.05650734901428223
4794,1.0,1.0,1.0,1.0,1.0,0.03315854072570801
4795,1.0,1.0,1.0,1.0,1.0,0.05788540840148926
4796,1.0,1.0,1.0,1.0,1.0,0.05751490592956543
4797,1.0,1.0,1.0,1.0,1.0,0.05027914047241211
4798,1.0,1.0,1.0,1.0,1.0,0.04541945457458496
4799,1.0,1.0,1.0,1.0,1.0,0.03794360160827637
4800,1.0,1.0,1.0,1.0,1.0,0.03784537315368652
4801,1.0,1.0,1.0,1.0,1.0,0.026984453201293945
4802,1.0,1.0,1.0,1.0,1.0,0.03306078910827637
4803,1.0,1.0,1.0,1.0,1.0,0.023874282836914062
4804,1.0,1.0,1.0,1.0,1.0,0.0246431827545166
4805,1.0,1.0,1.0,1.0,1.0,0.01864910125732422
4806,1.0,1.0,1.0,1.0,1.0,0.04739665985107422
4807,1.0,1.0,1.0,1.0,1.0,0.0717160701751709
4808,1.0,1.0,1.0,1.0,1.0,0.04547405242919922
4809,1.0,1.0,1.0,1.0,1.0,0.04956626892089844
4810,1.0,1.0,1.0,1.0,1.0,0.02530694007873535
4811,1.0,1.0,1.0,1.0,1.0,0.04190778732299805
4812,1.0,1.0,1.0,1.0,1.0,0.03160500526428223
4813,1.0,1.0,1.0,1.0,1.0,0.032729387283325195
4814,1.0,1.0,1.0,1.0,1.0,0.03412365913391113
4815,1.0,1.0,1.0,1.0,1.0,0.04870414733886719
4816,1.0,1.0,1.0,1.0,1.0,0.024984359741210938
4817,1.0,1.0,1.0,1.0,1.0,0.024967670440673828
4818,1.0,1.0,1.0,1.0,1.0,0.04983186721801758
4819,1.0,1.0,1.0,1.0,1.0,0.04363751411437988
4820,1.0,1.0,1.0,1.0,1.0,0.0474390983581543
4821,1.0,1.0,1.0,1.0,1.0,0.043802738189697266
4822,1.0,1.0,1.0,1.0,1.0,0.05045819282531738
4823,1.0,1.0,1.0,1.0,1.0,0.06023287773132324
4824,1.0,1.0,1.0,1.0,1.0,0.051708221435546875
4825,1.0,1.0,1.0,1.0,1.0,0.04789876937866211
4826,1.0,1.0,1.0,1.0,1.0,0.04932761192321777
4827,1.0,1.0,1.0,1.0,1.0,0.033063650131225586
4828,1.0,1.0,1.0,1.0,1.0,0.041440725326538086
4829,1.0,1.0,1.0,1.0,1.0,0.04124808311462402
4830,1.0,1.0,1.0,1.0,1.0,0.03696918487548828
4831,1.0,1.0,1.0,1.0,1.0,0.048123836517333984
4832,1.0,1.0,1.0,1.0,1.0,0.06308817863464355
4833,1.0,1.0,1.0,1.0,1.0,0.03557395935058594
4834,1.0,1.0,1.0,1.0,1.0,0.030894756317138672
4835,1.0,1.0,1.0,1.0,1.0,0.03251218795776367
4836,1.0,1.0,1.0,1.0,1.0,0.055001258850097656
4837,1.0,1.0,1.0,1.0,1.0,0.04485273361206055
4838,1.0,1.0,1.0,1.0,1.0,0.050078392028808594
4839,1.0,1.0,1.0,1.0,1.0,0.0249173641204834
4840,1.0,1.0,1.0,1.0,1.0,0.04047417640686035
4841,1.0,1.0,1.0,1.0,1.0,0.048187971115112305
4842,1.0,1.0,1.0,1.0,1.0,0.061225175857543945
4843,1.0,1.0,1.0,1.0,1.0,0.03673434257507324
4844,1.0,1.0,1.0,1.0,1.0,0.03297257423400879
4845,1.0,1.0,1.0,1.0,1.0,0.038428544998168945
4846,1.0,1.0,1.0,1.0,1.0,0.033695220947265625
4847,1.0,1.0,1.0,1.0,1.0,0.03505682945251465
4848,1.0,1.0,1.0,1.0,1.0,0.06564545631408691
4849,1.0,1.0,1.0,1.0,1.0,0.06511783599853516
4850,1.0,1.0,1.0,1.0,1.0,0.06783342361450195
4851,1.0,1.0,1.0,1.0,1.0,0.05443096160888672
4852,1.0,1.0,1.0,1.0,1.0,0.06381058692932129
4853,1.0,1.0,1.0,1.0,1.0,0.04290652275085449
4854,1.0,1.0,1.0,1.0,1.0,0.048577070236206055
4855,1.0,1.0,1.0,1.0,1.0,0.0626978874206543
4856,1.0,1.0,1.0,1.0,1.0,0.07107400894165039
4857,1.0,1.0,1.0,1.0,1.0,0.06421351432800293
4858,1.0,1.0,1.0,1.0,1.0,0.0741722583770752
4859,1.0,1.0,1.0,1.0,1.0,0.06450200080871582
4860,1.0,1.0,1.0,1.0,1.0,0.05035829544067383
4861,1.0,1.0,1.0,1.0,1.0,0.05943441390991211
4862,1.0,1.0,1.0,1.0,1.0,0.03023219108581543
4863,1.0,1.0,1.0,1.0,1.0,0.03672432899475098
4864,1.0,1.0,1.0,1.0,1.0,0.03458046913146973
4865,1.0,1.0,1.0,1.0,1.0,0.030190467834472656
4866,1.0,1.0,1.0,1.0,1.0,0.028821468353271484
4867,1.0,1.0,1.0,1.0,1.0,0.03293013572692871
4868,1.0,1.0,1.0,1.0,1.0,0.03313016891479492
4869,1.0,1.0,1.0,1.0,1.0,0.03891158103942871
4870,1.0,1.0,1.0,1.0,1.0,0.044211387634277344
4871,1.0,1.0,1.0,1.0,1.0,0.03990316390991211
4872,1.0,1.0,1.0,1.0,1.0,0.03252720832824707
4873,1.0,1.0,1.0,1.0,1.0,0.03901958465576172
4874,1.0,1.0,1.0,1.0,1.0,0.03640484809875488
4875,1.0,1.0,1.0,1.0,1.0,0.03126955032348633
4876,1.0,1.0,1.0,1.0,1.0,0.03273582458496094
4877,1.0,1.0,1.0,1.0,1.0,0.06473994255065918
4878,1.0,1.0,1.0,1.0,1.0,0.0587315559387207
4879,1.0,1.0,1.0,1.0,1.0,0.03739118576049805
4880,1.0,1.0,1.0,1.0,1.0,0.02907562255859375
4881,1.0,1.0,1.0,1.0,1.0,0.04885411262512207
4882,1.0,1.0,1.0,1.0,1.0,0.04879879951477051
4883,1.0,1.0,1.0,1.0,1.0,0.05774354934692383
4884,1.0,1.0,1.0,1.0,1.0,0.0496978759765625
4885,1.0,1.0,1.0,1.0,1.0,0.05008101463317871
4886,1.0,1.0,1.0,1.0,1.0,0.040669918060302734
4887,1.0,1.0,1.0,1.0,1.0,0.04096102714538574
4888,1.0,1.0,1.0,1.0,1.0,0.034767866134643555
4889,1.0,1.0,1.0,1.0,1.0,0.04368996620178223
4890,1.0,1.0,1.0,1.0,1.0,0.0393216609954834
4891,1.0,1.0,1.0,1.0,1.0,0.03961992263793945
4892,1.0,1.0,1.0,1.0,1.0,0.04865431785583496
4893,1.0,1.0,1.0,1.0,1.0,0.03299999237060547
4894,1.0,1.0,1.0,1.0,1.0,0.026549339294433594
4895,1.0,1.0,1.0,1.0,1.0,0.03098320960998535
4896,1.0,1.0,1.0,1.0,1.0,0.025194406509399414
4897,1.0,1.0,1.0,1.0,1.0,0.023947477340698242
4898,1.0,1.0,1.0,1.0,1.0,0.04109025001525879
4899,1.0,1.0,1.0,1.0,1.0,0.03532266616821289
4900,1.0,1.0,1.0,1.0,1.0,0.03075695037841797
4901,1.0,1.0,1.0,1.0,1.0,0.053983449935913086
4902,1.0,1.0,1.0,1.0,1.0,0.06923174858093262
4903,1.0,1.0,1.0,1.0,1.0,0.05688047409057617
4904,1.0,1.0,1.0,1.0,1.0,0.03281593322753906
4905,1.0,1.0,1.0,1.0,1.0,0.049881696701049805
4906,1.0,1.0,1.0,1.0,1.0,0.03644275665283203
4907,1.0,1.0,1.0,1.0,1.0,0.03898787498474121
4908,1.0,1.0,1.0,1.0,1.0,0.06468367576599121
4909,1.0,1.0,1.0,1.0,1.0,0.06637358665466309
4910,1.0,1.0,1.0,1.0,1.0,0.041761159896850586
4911,1.0,1.0,1.0,1.0,1.0,0.05152535438537598
4912,1.0,1.0,1.0,1.0,1.0,0.03859734535217285
4913,1.0,1.0,1.0,1.0,1.0,0.03306865692138672
4914,1.0,1.0,1.0,1.0,1.0,0.04167652130126953
4915,1.0,1.0,1.0,1.0,1.0,0.03350663185119629
4916,1.0,1.0,1.0,1.0,1.0,0.050510406494140625
4917,1.0,1.0,1.0,1.0,1.0,0.06384682655334473
4918,1.0,1.0,1.0,1.0,1.0,0.03508472442626953
4919,1.0,1.0,1.0,1.0,1.0,0.02496933937072754
4920,1.0,1.0,1.0,1.0,1.0,0.033698081970214844
4921,1.0,1.0,1.0,1.0,1.0,0.05105733871459961
4922,1.0,1.0,1.0,1.0,1.0,0.0564725399017334
4923,1.0,1.0,1.0,1.0,1.0,0.05765175819396973
4924,1.0,1.0,1.0,1.0,1.0,0.05016446113586426
4925,1.0,1.0,1.0,1.0,1.0,0.05740094184875488
4926,1.0,1.0,1.0,1.0,1.0,0.08159065246582031
4927,1.0,1.0,1.0,1.0,1.0,0.07979893684387207
4928,1.0,1.0,1.0,1.0,1.0,0.05204176902770996
4929,1.0,1.0,1.0,1.0,1.0,0.05750298500061035
4930,1.0,1.0,1.0,1.0,1.0,0.05797433853149414
4931,1.0,1.0,1.0,1.0,1.0,0.06697916984558105
4932,1.0,1.0,1.0,1.0,1.0,0.06512880325317383
4933,1.0,1.0,1.0,1.0,1.0,0.04883837699890137
4934,1.0,1.0,1.0,1.0,1.0,0.06581950187683105
4935,1.0,1.0,1.0,1.0,1.0,0.05536150932312012
4936,1.0,1.0,1.0,1.0,1.0,0.04331493377685547
4937,1.0,1.0,1.0,1.0,1.0,0.03438258171081543
4938,1.0,1.0,1.0,1.0,1.0,0.04812955856323242
4939,1.0,1.0,1.0,1.0,1.0,0.048296213150024414
4940,1.0,1.0,1.0,1.0,1.0,0.04453682899475098
4941,1.0,1.0,1.0,1.0,1.0,0.028640270233154297
4942,1.0,1.0,1.0,1.0,1.0,0.05966663360595703
4943,1.0,1.0,1.0,1.0,1.0,0.08055472373962402
4944,1.0,1.0,1.0,1.0,1.0,0.04941749572753906
4945,1.0,1.0,1.0,1.0,1.0,0.07330513000488281
4946,1.0,1.0,1.0,1.0,1.0,0.05734109878540039
4947,1.0,1.0,1.0,1.0,1.0,0.041497230529785156
4948,1.0,1.0,1.0,1.0,1.0,0.06570148468017578
4949,1.0,1.0,1.0,1.0,1.0,0.032785654067993164
4950,1.0,1.0,1.0,1.0,1.0,0.03210616111755371
4951,1.0,1.0,1.0,1.0,1.0,0.0336759090423584
4952,1.0,1.0,1.0,1.0,1.0,0.04054689407348633
4953,1.0,1.0,1.0,1.0,1.0,0.04125475883483887
4954,1.0,1.0,1.0,1.0,1.0,0.04972434043884277
4955,1.0,1.0,1.0,1.0,1.0,0.03752899169921875
4956,1.0,1.0,1.0,1.0,1.0,0.03800392150878906
4957,1.0,1.0,1.0,1.0,1.0,0.03355073928833008
4958,1.0,1.0,1.0,1.0,1.0,0.03529214859008789
4959,1.0,1.0,1.0,1.0,1.0,0.0455169677734375
4960,1.0,1.0,1.0,1.0,1.0,0.025153636932373047
4961,1.0,1.0,1.0,1.0,1.0,0.04870486259460449
4962,1.0,1.0,1.0,1.0,1.0,0.04087948799133301
4963,1.0,1.0,1.0,1.0,1.0,0.028194189071655273
4964,1.0,1.0,1.0,1.0,1.0,0.02202463150024414
4965,1.0,1.0,1.0,1.0,1.0,0.03853106498718262
4966,1.0,1.0,1.0,1.0,1.0,0.027180910110473633
4967,1.0,1.0,1.0,1.0,1.0,0.024575233459472656
4968,1.0,1.0,1.0,1.0,1.0,0.033449411392211914
4969,1.0,1.0,1.0,1.0,1.0,0.0330963134765625
4970,1.0,1.0,1.0,1.0,1.0,0.050107717514038086
4971,1.0,1.0,1.0,1.0,1.0,0.033026933670043945
4972,1.0,1.0,1.0,1.0,1.0,0.03661179542541504
4973,1.0,1.0,1.0,1.0,1.0,0.053481340408325195
4974,1.0,1.0,1.0,1.0,1.0,0.06442451477050781
4975,1.0,1.0,1.0,1.0,1.0,0.04933047294616699
4976,1.0,1.0,1.0,1.0,1.0,0.04166221618652344
4977,1.0,1.0,1.0,1.0,1.0,0.03321361541748047
4978,1.0,1.0,1.0,1.0,1.0,0.024257183074951172
4979,1.0,1.0,1.0,1.0,1.0,0.041588783264160156
4980,1.0,1.0,1.0,1.0,1.0,0.04152250289916992
4981,1.0,1.0,1.0,1.0,1.0,0.04930543899536133
4982,1.0,1.0,1.0,1.0,1.0,0.03318381309509277
4983,1.0,1.0,1.0,1.0,1.0,0.03866434097290039
4984,1.0,1.0,1.0,1.0,1.0,0.03504228591918945
4985,1.0,1.0,1.0,1.0,1.0,0.040631771087646484
4986,1.0,1.0,1.0,1.0,1.0,0.04915022850036621
4987,1.0,1.0,1.0,1.0,1.0,0.03147697448730469
4988,1.0,1.0,1.0,1.0,1.0,0.0414884090423584
4989,1.0,1.0,1.0,1.0,1.0,0.04071998596191406
4990,1.0,1.0,1.0,1.0,1.0,0.03690075874328613
4991,1.0,1.0,1.0,1.0,1.0,0.05268740653991699
4992,1.0,1.0,1.0,1.0,1.0,0.057099103927612305
4993,1.0,1.0,1.0,1.0,1.0,0.041292667388916016
4994,1.0,1.0,1.0,1.0,1.0,0.03317570686340332
4995,1.0,1.0,1.0,1.0,1.0,0.04127836227416992
4996,1.0,1.0,1.0,1.0,1.0,0.045992136001586914
4997,1.0,1.0,1.0,1.0,1.0,0.05319571495056152
4998,1.0,1.0,1.0,1.0,1.0,0.0572810173034668
4999,1.0,1.0,1.0,1.0,1.0,0.0494389533996582
5000,1.0,1.0,1.0,1.0,1.0,0.04893946647644043
